window,packet_rate,byte_rate,connection_count,avg_syn_flags,avg_duration,Label_num,packet_rate_lag1,byte_rate_lag1,packet_rate_lag2,byte_rate_lag2,packet_rate_lag3,byte_rate_lag3
2017-07-04 01:03:00,39679.010777796364,5037745.371447934,140,0.04285714285714286,12678474.307142857,0,111633.81019859013,1459528.8570482323,43803.27784018193,716945.8741693288,97193.58499128257,3807457.9281428684
2017-07-04 01:04:00,41691.957478971206,1424553.407410323,121,0.024793388429752067,8880654.123966942,0,39679.010777796364,5037745.371447934,111633.81019859013,1459528.8570482323,43803.27784018193,716945.8741693288
2017-07-04 01:05:00,66684.62582390406,14394000.440643556,181,0.022099447513812154,7693656.779005525,0,41691.957478971206,1424553.407410323,39679.010777796364,5037745.371447934,111633.81019859013,1459528.8570482323
2017-07-04 01:06:00,68514.50560946115,1173205.2869293264,196,0.1377551020408163,3893868.1275510206,0,66684.62582390406,14394000.440643556,41691.957478971206,1424553.407410323,39679.010777796364,5037745.371447934
2017-07-04 01:07:00,44152.334056903914,1070830.951544506,1066,0.013133208255159476,19794183.49155722,0,68514.50560946115,1173205.2869293264,66684.62582390406,14394000.440643556,41691.957478971206,1424553.407410323
2017-07-04 01:08:00,40800.20226109973,2183699.1709333956,1254,0.03508771929824561,9987340.110047847,0,44152.334056903914,1070830.951544506,68514.50560946115,1173205.2869293264,66684.62582390406,14394000.440643556
2017-07-04 01:09:00,66456.51786292171,919667.7421803954,1292,0.0456656346749226,11757455.691950465,0,40800.20226109973,2183699.1709333956,44152.334056903914,1070830.951544506,68514.50560946115,1173205.2869293264
2017-07-04 01:10:00,38858.3709560411,500946.15652801166,765,0.07058823529411765,10251213.45751634,0,66456.51786292171,919667.7421803954,40800.20226109973,2183699.1709333956,44152.334056903914,1070830.951544506
2017-07-04 01:11:00,64235.73894446969,3807236.1157758255,409,0.07090464547677261,5365457.1295843525,0,38858.3709560411,500946.15652801166,66456.51786292171,919667.7421803954,40800.20226109973,2183699.1709333956
2017-07-04 01:12:00,62499.36492743769,599357.5051771206,655,0.11297709923664122,15021248.561832061,0,64235.73894446969,3807236.1157758255,38858.3709560411,500946.15652801166,66456.51786292171,919667.7421803954
2017-07-04 01:13:00,25042.383153323866,683938.159326646,1088,0.021139705882352942,12414175.153492646,0,62499.36492743769,599357.5051771206,64235.73894446969,3807236.1157758255,38858.3709560411,500946.15652801166
2017-07-04 01:14:00,173605.0542315292,14961536.902068878,321,0.10903426791277258,5654394.498442368,0,25042.383153323866,683938.159326646,62499.36492743769,599357.5051771206,64235.73894446969,3807236.1157758255
2017-07-04 01:15:00,155739.6006721691,2161093.5078811883,225,0.05333333333333334,5567189.417777778,0,173605.0542315292,14961536.902068878,25042.383153323866,683938.159326646,62499.36492743769,599357.5051771206
2017-07-04 01:16:00,45493.79006082093,3627006.696783398,374,0.053475935828877004,16944094.60695187,0,155739.6006721691,2161093.5078811883,173605.0542315292,14961536.902068878,25042.383153323866,683938.159326646
2017-07-04 01:17:00,22022.961808376334,637854.691919976,713,0.016830294530154277,14175412.66058906,0,45493.79006082093,3627006.696783398,155739.6006721691,2161093.5078811883,173605.0542315292,14961536.902068878
2017-07-04 01:18:00,140714.49540454207,3920289.0202612,468,0.12393162393162394,5096222.047008547,0,22022.961808376334,637854.691919976,45493.79006082093,3627006.696783398,155739.6006721691,2161093.5078811883
2017-07-04 01:19:00,109191.51638370409,12317069.92220937,217,0.1382488479262673,5231295.456221198,0,140714.49540454207,3920289.0202612,22022.961808376334,637854.691919976,45493.79006082093,3627006.696783398
2017-07-04 01:20:00,125235.05040011738,2917835.1404766133,156,0.16666666666666666,2634329.205128205,0,109191.51638370409,12317069.92220937,140714.49540454207,3920289.0202612,22022.961808376334,637854.691919976
2017-07-04 01:21:00,52460.57074318156,1665976.9699580339,764,0.051047120418848166,15035612.917539267,0,125235.05040011738,2917835.1404766133,109191.51638370409,12317069.92220937,140714.49540454207,3920289.0202612
2017-07-04 01:22:00,22579.95490574808,943089.2683390264,125,0.032,5308492.232,0,52460.57074318156,1665976.9699580339,125235.05040011738,2917835.1404766133,109191.51638370409,12317069.92220937
2017-07-04 01:23:00,124189.23901248263,5812237.865188351,410,0.05365853658536585,9031784.675609756,0,22579.95490574808,943089.2683390264,52460.57074318156,1665976.9699580339,125235.05040011738,2917835.1404766133
2017-07-04 01:24:00,42312.84433551697,3097170.17424479,415,0.04578313253012048,11489737.426506024,0,124189.23901248263,5812237.865188351,22579.95490574808,943089.2683390264,52460.57074318156,1665976.9699580339
2017-07-04 01:25:00,134091.52395338388,2621148.653258999,2400,0.10541666666666667,5109374.793333333,0,42312.84433551697,3097170.17424479,124189.23901248263,5812237.865188351,22579.95490574808,943089.2683390264
2017-07-04 01:26:00,101611.51412016776,1075878.407428979,285,0.08421052631578947,5237857.771929825,0,134091.52395338388,2621148.653258999,42312.84433551697,3097170.17424479,124189.23901248263,5812237.865188351
2017-07-04 01:27:00,53868.055303698726,1007201.4091449395,396,0.11363636363636363,6910401.593434343,0,101611.51412016776,1075878.407428979,134091.52395338388,2621148.653258999,42312.84433551697,3097170.17424479
2017-07-04 01:28:00,50078.550824273334,1989487.5368292516,800,0.045,13897873.18625,0,53868.055303698726,1007201.4091449395,101611.51412016776,1075878.407428979,134091.52395338388,2621148.653258999
2017-07-04 01:29:00,46557.07893862286,1148430.9016459591,714,0.04201680672268908,7469213.659663865,0,50078.550824273334,1989487.5368292516,53868.055303698726,1007201.4091449395,101611.51412016776,1075878.407428979
2017-07-04 01:30:00,88223.27703864253,4142178.74387927,593,0.047217537942664416,5984145.799325463,0,46557.07893862286,1148430.9016459591,50078.550824273334,1989487.5368292516,53868.055303698726,1007201.4091449395
2017-07-04 01:31:00,48499.88029911448,760357.9478225737,245,0.0653061224489796,13630549.01632653,0,88223.27703864253,4142178.74387927,46557.07893862286,1148430.9016459591,50078.550824273334,1989487.5368292516
2017-07-04 01:32:00,43184.63115073181,4359882.808833767,788,0.03553299492385787,17551846.729695432,0,48499.88029911448,760357.9478225737,88223.27703864253,4142178.74387927,46557.07893862286,1148430.9016459591
2017-07-04 01:33:00,28996.774628117328,705398.3982383043,1537,0.014313597918022121,10668813.767078726,0,43184.63115073181,4359882.808833767,48499.88029911448,760357.9478225737,88223.27703864253,4142178.74387927
2017-07-04 01:34:00,157897.8605258476,5867826.15709114,267,0.1348314606741573,3652845.7490636706,0,28996.774628117328,705398.3982383043,43184.63115073181,4359882.808833767,48499.88029911448,760357.9478225737
2017-07-04 01:35:00,125557.32996540627,4952057.544384989,288,0.08680555555555555,4494690.618055556,0,157897.8605258476,5867826.15709114,28996.774628117328,705398.3982383043,43184.63115073181,4359882.808833767
2017-07-04 01:36:00,34296.152436706594,319270.1163226628,861,0.04878048780487805,12403593.070847852,0,125557.32996540627,4952057.544384989,157897.8605258476,5867826.15709114,28996.774628117328,705398.3982383043
2017-07-04 01:37:00,63799.492045352104,9612848.515178652,143,0.13286713286713286,5355725.48951049,0,34296.152436706594,319270.1163226628,125557.32996540627,4952057.544384989,157897.8605258476,5867826.15709114
2017-07-04 01:38:00,41644.9740989825,732739.9350285803,710,0.04788732394366197,13032218.373239437,0,63799.492045352104,9612848.515178652,34296.152436706594,319270.1163226628,125557.32996540627,4952057.544384989
2017-07-04 01:39:00,46533.79598111171,1199738.8502293285,919,0.046789989118607184,8555991.16539717,0,41644.9740989825,732739.9350285803,63799.492045352104,9612848.515178652,34296.152436706594,319270.1163226628
2017-07-04 01:40:00,63386.35829503132,861431.0520127473,420,0.04047619047619048,13126760.523809524,0,46533.79598111171,1199738.8502293285,41644.9740989825,732739.9350285803,63799.492045352104,9612848.515178652
2017-07-04 01:41:00,119479.41967349578,4565881.440573161,726,0.11432506887052342,3451438.4228650136,0,63386.35829503132,861431.0520127473,46533.79598111171,1199738.8502293285,41644.9740989825,732739.9350285803
2017-07-04 01:42:00,105423.71342021604,4850547.996126252,273,0.10622710622710622,2569817.1025641025,0,119479.41967349578,4565881.440573161,63386.35829503132,861431.0520127473,46533.79598111171,1199738.8502293285
2017-07-04 01:43:00,27166.38140584594,1052326.7070813377,996,0.028112449799196786,10829821.275100403,0,105423.71342021604,4850547.996126252,119479.41967349578,4565881.440573161,63386.35829503132,861431.0520127473
2017-07-04 01:44:00,44338.1191235844,3163158.376878807,513,0.04093567251461988,2456136.89668616,0,27166.38140584594,1052326.7070813377,105423.71342021604,4850547.996126252,119479.41967349578,4565881.440573161
2017-07-04 01:45:00,144925.6294754621,3659783.513185739,277,0.05054151624548736,6269173.216606498,0,44338.1191235844,3163158.376878807,27166.38140584594,1052326.7070813377,105423.71342021604,4850547.996126252
2017-07-04 01:46:00,97263.87255328367,2496552.563719641,328,0.12804878048780488,3486459.6158536584,0,144925.6294754621,3659783.513185739,44338.1191235844,3163158.376878807,27166.38140584594,1052326.7070813377
2017-07-04 01:47:00,44968.31974210912,1267789.028465637,303,0.019801980198019802,7846555.145214521,0,97263.87255328367,2496552.563719641,144925.6294754621,3659783.513185739,44338.1191235844,3163158.376878807
2017-07-04 01:48:00,36469.98879427985,929170.2129389575,2545,0.02200392927308448,12151064.160314342,0,44968.31974210912,1267789.028465637,97263.87255328367,2496552.563719641,144925.6294754621,3659783.513185739
2017-07-04 01:49:00,31302.233589081643,227954.8793015616,1051,0.02664129400570885,6978416.879162702,0,36469.98879427985,929170.2129389575,44968.31974210912,1267789.028465637,97263.87255328367,2496552.563719641
2017-07-04 01:50:00,132027.8009161967,11693679.905102756,496,0.08669354838709678,4353213.858870967,0,31302.233589081643,227954.8793015616,36469.98879427985,929170.2129389575,44968.31974210912,1267789.028465637
2017-07-04 01:51:00,42034.79398317456,2641004.428098144,1169,0.03849443969204448,13983973.331052182,0,132027.8009161967,11693679.905102756,31302.233589081643,227954.8793015616,36469.98879427985,929170.2129389575
2017-07-04 01:52:00,58801.54230299851,1279248.4047851409,739,0.037889039242219216,12077896.550744249,0,42034.79398317456,2641004.428098144,132027.8009161967,11693679.905102756,31302.233589081643,227954.8793015616
2017-07-04 01:53:00,105859.69423675412,2334800.8746214686,562,0.05871886120996441,8597342.238434164,0,58801.54230299851,1279248.4047851409,42034.79398317456,2641004.428098144,132027.8009161967,11693679.905102756
2017-07-04 01:54:00,71092.56887093908,679889.5444644652,552,0.06884057971014493,8858321.010869564,0,105859.69423675412,2334800.8746214686,58801.54230299851,1279248.4047851409,42034.79398317456,2641004.428098144
2017-07-04 01:55:00,43564.93721628021,877513.5885254741,589,0.07809847198641766,13106594.365025466,0,71092.56887093908,679889.5444644652,105859.69423675412,2334800.8746214686,58801.54230299851,1279248.4047851409
2017-07-04 01:56:00,64724.88709212277,791010.9543295738,498,0.04216867469879518,5659864.87751004,0,43564.93721628021,877513.5885254741,71092.56887093908,679889.5444644652,105859.69423675412,2334800.8746214686
2017-07-04 01:57:00,50360.15736900335,3585052.623731286,1119,0.040214477211796246,15866754.905272564,0,64724.88709212277,791010.9543295738,43564.93721628021,877513.5885254741,71092.56887093908,679889.5444644652
2017-07-04 01:58:00,141016.25697692667,3656355.6186847333,289,0.10034602076124567,4752992.487889273,0,50360.15736900335,3585052.623731286,64724.88709212277,791010.9543295738,43564.93721628021,877513.5885254741
2017-07-04 01:59:00,93353.98916177146,4849267.202673754,606,0.07260726072607261,5178794.719471947,0,141016.25697692667,3656355.6186847333,50360.15736900335,3585052.623731286,64724.88709212277,791010.9543295738
2017-07-04 02:00:00,62817.46067371345,1464962.2140355788,988,0.05263157894736842,13318729.72165992,0,93353.98916177146,4849267.202673754,141016.25697692667,3656355.6186847333,50360.15736900335,3585052.623731286
2017-07-04 02:01:00,88107.57295375744,2256262.948317686,913,0.05147864184008762,12647487.365826944,0,62817.46067371345,1464962.2140355788,93353.98916177146,4849267.202673754,141016.25697692667,3656355.6186847333
2017-07-04 02:02:00,50021.29160937726,1217873.6463047066,1444,0.036011080332409975,9421817.37603878,0,88107.57295375744,2256262.948317686,62817.46067371345,1464962.2140355788,93353.98916177146,4849267.202673754
2017-07-04 02:03:00,37359.99220190994,511622.23348531657,883,0.04756511891279728,13769437.536806341,0,50021.29160937726,1217873.6463047066,88107.57295375744,2256262.948317686,62817.46067371345,1464962.2140355788
2017-07-04 02:04:00,72002.93367967915,2616113.968678714,850,0.07058823529411765,8177600.303529412,0,37359.99220190994,511622.23348531657,50021.29160937726,1217873.6463047066,88107.57295375744,2256262.948317686
2017-07-04 02:05:00,76560.4360162632,1755724.1458765515,962,0.06548856548856549,11346982.393970894,0,72002.93367967915,2616113.968678714,37359.99220190994,511622.23348531657,50021.29160937726,1217873.6463047066
2017-07-04 02:06:00,44852.82168101017,967810.3574225022,1092,0.03021978021978022,15946208.925824177,0,76560.4360162632,1755724.1458765515,72002.93367967915,2616113.968678714,37359.99220190994,511622.23348531657
2017-07-04 02:07:00,86022.17039845465,1604772.0000624899,514,0.08171206225680934,9446398.229571985,0,44852.82168101017,967810.3574225022,76560.4360162632,1755724.1458765515,72002.93367967915,2616113.968678714
2017-07-04 02:08:00,63067.59145153492,2086199.5694014821,1339,0.04779686333084392,5466220.7296489915,0,86022.17039845465,1604772.0000624899,44852.82168101017,967810.3574225022,76560.4360162632,1755724.1458765515
2017-07-04 02:09:00,45493.518944340416,2738468.414916645,515,0.038834951456310676,8193745.089320389,3,63067.59145153492,2086199.5694014821,86022.17039845465,1604772.0000624899,44852.82168101017,967810.3574225022
2017-07-04 02:10:00,50897.806851117435,1083301.4238462218,790,0.053164556962025315,10379851.826582279,3,45493.518944340416,2738468.414916645,63067.59145153492,2086199.5694014821,86022.17039845465,1604772.0000624899
2017-07-04 02:11:00,106154.75609376984,2871341.2357481755,701,0.08559201141226819,3719940.3466476463,3,50897.806851117435,1083301.4238462218,45493.518944340416,2738468.414916645,63067.59145153492,2086199.5694014821
2017-07-04 02:12:00,57702.64966226013,838300.8780330528,848,0.0625,8461615.804245284,3,106154.75609376984,2871341.2357481755,50897.806851117435,1083301.4238462218,45493.518944340416,2738468.414916645
2017-07-04 02:13:00,48901.006698699326,2839929.90006852,982,0.051934826883910386,10905963.31466395,3,57702.64966226013,838300.8780330528,106154.75609376984,2871341.2357481755,50897.806851117435,1083301.4238462218
2017-07-04 02:14:00,57860.35094269164,706525.6055182589,1741,0.051694428489373924,11480526.217690982,3,48901.006698699326,2839929.90006852,57702.64966226013,838300.8780330528,106154.75609376984,2871341.2357481755
2017-07-04 02:15:00,75048.91118679805,2130705.5768276793,1277,0.05559906029757244,13717829.018010963,3,57860.35094269164,706525.6055182589,48901.006698699326,2839929.90006852,57702.64966226013,838300.8780330528
2017-07-04 02:16:00,94642.20011557915,956190.6404696263,2605,0.10518234165067178,3656931.4740882916,3,75048.91118679805,2130705.5768276793,57860.35094269164,706525.6055182589,48901.006698699326,2839929.90006852
2017-07-04 02:17:00,48129.14148912065,1274311.7783097615,2667,0.04274465691788527,8708579.190851144,3,94642.20011557915,956190.6404696263,75048.91118679805,2130705.5768276793,57860.35094269164,706525.6055182589
2017-07-04 02:18:00,122526.46101074723,1908631.5069972132,1816,0.12279735682819383,4914118.254405286,3,48129.14148912065,1274311.7783097615,94642.20011557915,956190.6404696263,75048.91118679805,2130705.5768276793
2017-07-04 02:19:00,37815.05837374382,568905.6963592939,994,0.05734406438631791,11929159.014084507,3,122526.46101074723,1908631.5069972132,48129.14148912065,1274311.7783097615,94642.20011557915,956190.6404696263
2017-07-04 02:20:00,99624.67540460621,2459231.5780422133,1009,0.09117938553022795,4099931.2269573836,3,37815.05837374382,568905.6963592939,122526.46101074723,1908631.5069972132,48129.14148912065,1274311.7783097615
2017-07-04 02:21:00,50650.80706451946,1032864.518545841,1161,0.07235142118863049,11465139.33161068,3,99624.67540460621,2459231.5780422133,37815.05837374382,568905.6963592939,122526.46101074723,1908631.5069972132
2017-07-04 02:22:00,67737.05254405874,1759767.7639776394,1113,0.061096136567834684,5729642.762803234,3,50650.80706451946,1032864.518545841,99624.67540460621,2459231.5780422133,37815.05837374382,568905.6963592939
2017-07-04 02:23:00,35650.15055164597,669665.370717715,2096,0.03148854961832061,9878857.111164123,3,67737.05254405874,1759767.7639776394,50650.80706451946,1032864.518545841,99624.67540460621,2459231.5780422133
2017-07-04 02:24:00,43364.303299016065,1537071.6637457479,848,0.1945754716981132,6372434.8301886795,3,35650.15055164597,669665.370717715,67737.05254405874,1759767.7639776394,50650.80706451946,1032864.518545841
2017-07-04 02:25:00,41597.42580310776,762538.4088814948,1688,0.05509478672985782,16942844.99407583,3,43364.303299016065,1537071.6637457479,35650.15055164597,669665.370717715,67737.05254405874,1759767.7639776394
2017-07-04 02:26:00,75612.64016274254,3904388.1959292223,597,0.15577889447236182,9540386.886097152,3,41597.42580310776,762538.4088814948,43364.303299016065,1537071.6637457479,35650.15055164597,669665.370717715
2017-07-04 02:27:00,35791.19842251583,781346.0796466209,3003,0.032301032301032304,10042538.046620047,3,75612.64016274254,3904388.1959292223,41597.42580310776,762538.4088814948,43364.303299016065,1537071.6637457479
2017-07-04 02:28:00,39606.31107154189,1676193.4103640788,754,0.10742705570291777,9226880.732095491,3,35791.19842251583,781346.0796466209,75612.64016274254,3904388.1959292223,41597.42580310776,762538.4088814948
2017-07-04 02:29:00,50249.88577971874,973645.6002246344,1431,0.06848357791754019,17913534.507337525,3,39606.31107154189,1676193.4103640788,35791.19842251583,781346.0796466209,75612.64016274254,3904388.1959292223
2017-07-04 02:30:00,68474.29687989267,716354.0282534529,1163,0.0705073086844368,11469083.959587274,3,50249.88577971874,973645.6002246344,39606.31107154189,1676193.4103640788,35791.19842251583,781346.0796466209
2017-07-04 02:31:00,63112.336372291466,1004813.0047701237,1017,0.08751229105211406,13887071.36774828,3,68474.29687989267,716354.0282534529,50249.88577971874,973645.6002246344,39606.31107154189,1676193.4103640788
2017-07-04 02:32:00,52532.420290010225,563231.8450167648,1935,0.050129198966408266,13757374.393281654,3,63112.336372291466,1004813.0047701237,68474.29687989267,716354.0282534529,50249.88577971874,973645.6002246344
2017-07-04 02:33:00,46324.129125195635,1062953.2972349662,2296,0.04137630662020906,8736572.68249129,3,52532.420290010225,563231.8450167648,63112.336372291466,1004813.0047701237,68474.29687989267,716354.0282534529
2017-07-04 02:34:00,69350.07412280842,1348996.6116363201,1228,0.05618892508143322,9349548.381921824,3,46324.129125195635,1062953.2972349662,52532.420290010225,563231.8450167648,63112.336372291466,1004813.0047701237
2017-07-04 02:35:00,88886.37987702388,2740618.505025421,966,0.10351966873706005,10607038.88716356,3,69350.07412280842,1348996.6116363201,46324.129125195635,1062953.2972349662,52532.420290010225,563231.8450167648
2017-07-04 02:36:00,63247.67624562129,1333105.6604526676,385,0.08571428571428572,10029773.888311688,3,88886.37987702388,2740618.505025421,69350.07412280842,1348996.6116363201,46324.129125195635,1062953.2972349662
2017-07-04 02:37:00,45402.93382536825,523811.7099375594,1200,0.06583333333333333,9699751.611666666,3,63247.67624562129,1333105.6604526676,88886.37987702388,2740618.505025421,69350.07412280842,1348996.6116363201
2017-07-04 02:38:00,59798.37284780089,1375205.5212363745,634,0.05362776025236593,9873411.115141956,3,45402.93382536825,523811.7099375594,63247.67624562129,1333105.6604526676,88886.37987702388,2740618.505025421
2017-07-04 02:39:00,22820.68622633167,530823.4085166288,2934,0.014996591683708248,11729393.515337422,3,59798.37284780089,1375205.5212363745,45402.93382536825,523811.7099375594,63247.67624562129,1333105.6604526676
2017-07-04 02:40:00,65442.28398714442,2022551.1705879092,1518,0.06126482213438735,6375004.11198946,3,22820.68622633167,530823.4085166288,59798.37284780089,1375205.5212363745,45402.93382536825,523811.7099375594
2017-07-04 02:41:00,54472.37939334771,1197841.71933562,1063,0.05268109125117592,9281447.23424271,3,65442.28398714442,2022551.1705879092,22820.68622633167,530823.4085166288,59798.37284780089,1375205.5212363745
2017-07-04 02:42:00,63036.52884249348,2024084.7202108419,699,0.07439198855507868,7235498.713876967,3,54472.37939334771,1197841.71933562,65442.28398714442,2022551.1705879092,22820.68622633167,530823.4085166288
2017-07-04 02:43:00,24301.516471622228,850975.8401096367,1486,0.024226110363391656,12309515.355316285,3,63036.52884249348,2024084.7202108419,54472.37939334771,1197841.71933562,65442.28398714442,2022551.1705879092
2017-07-04 02:44:00,37285.68333439908,788736.9991937614,1576,0.028553299492385786,10604698.03109137,3,24301.516471622228,850975.8401096367,63036.52884249348,2024084.7202108419,54472.37939334771,1197841.71933562
2017-07-04 02:45:00,32462.252430323835,848628.4010111416,2263,0.025187803800265134,5707882.492266903,3,37285.68333439908,788736.9991937614,24301.516471622228,850975.8401096367,63036.52884249348,2024084.7202108419
2017-07-04 02:46:00,47913.55316076421,1512278.2183894303,877,0.10262257696693272,12552293.061573546,3,32462.252430323835,848628.4010111416,37285.68333439908,788736.9991937614,24301.516471622228,850975.8401096367
2017-07-04 02:47:00,46469.44345417849,1838963.2959393736,590,0.04745762711864407,13120766.384745764,3,47913.55316076421,1512278.2183894303,32462.252430323835,848628.4010111416,37285.68333439908,788736.9991937614
2017-07-04 02:48:00,57583.013372064226,1906098.9907876316,747,0.09236947791164658,11382732.813922357,3,46469.44345417849,1838963.2959393736,47913.55316076421,1512278.2183894303,32462.252430323835,848628.4010111416
2017-07-04 02:49:00,52243.12882796583,1320801.2654804431,1856,0.052801724137931036,6597676.285021552,3,57583.013372064226,1906098.9907876316,46469.44345417849,1838963.2959393736,47913.55316076421,1512278.2183894303
2017-07-04 02:50:00,40476.26382266937,506228.655327,570,0.06140350877192982,7110823.77368421,3,52243.12882796583,1320801.2654804431,57583.013372064226,1906098.9907876316,46469.44345417849,1838963.2959393736
2017-07-04 02:51:00,72553.99097184237,2309898.0329257185,1148,0.07142857142857142,6469593.843205575,3,40476.26382266937,506228.655327,52243.12882796583,1320801.2654804431,57583.013372064226,1906098.9907876316
2017-07-04 02:52:00,110404.63500785158,3086562.7803488956,656,0.10975609756097561,8007140.913109756,3,72553.99097184237,2309898.0329257185,40476.26382266937,506228.655327,52243.12882796583,1320801.2654804431
2017-07-04 02:53:00,33659.203892553276,587906.994068072,1020,0.04019607843137255,11130228.87254902,3,110404.63500785158,3086562.7803488956,72553.99097184237,2309898.0329257185,40476.26382266937,506228.655327
2017-07-04 02:54:00,39034.073091025006,629624.7976959724,625,0.0512,6297364.8016,3,33659.203892553276,587906.994068072,110404.63500785158,3086562.7803488956,72553.99097184237,2309898.0329257185
2017-07-04 02:55:00,56446.26260292684,5714711.288871754,338,0.05029585798816568,4090772.0591715975,3,39034.073091025006,629624.7976959724,33659.203892553276,587906.994068072,110404.63500785158,3086562.7803488956
2017-07-04 02:56:00,83604.32937455924,6066465.545543369,282,0.08156028368794327,7438508.173758865,3,56446.26260292684,5714711.288871754,39034.073091025006,629624.7976959724,33659.203892553276,587906.994068072
2017-07-04 02:57:00,29178.6239114082,697650.1072760161,1389,0.017278617710583154,16512835.237580994,3,83604.32937455924,6066465.545543369,56446.26260292684,5714711.288871754,39034.073091025006,629624.7976959724
2017-07-04 02:58:00,34358.097490976965,1119708.040020685,1135,0.02026431718061674,8541136.230837004,3,29178.6239114082,697650.1072760161,83604.32937455924,6066465.545543369,56446.26260292684,5714711.288871754
2017-07-04 02:59:00,73726.25253630591,1007404.1544757757,1432,0.057960893854748605,11563173.606145252,3,34358.097490976965,1119708.040020685,29178.6239114082,697650.1072760161,83604.32937455924,6066465.545543369
2017-07-04 03:00:00,62059.77013677934,1408660.7808111464,1020,0.050980392156862744,13627591.429411765,3,73726.25253630591,1007404.1544757757,34358.097490976965,1119708.040020685,29178.6239114082,697650.1072760161
2017-07-04 03:01:00,52252.43346565261,1186022.7090838454,920,0.05434782608695652,12194449.679347826,3,62059.77013677934,1408660.7808111464,73726.25253630591,1007404.1544757757,34358.097490976965,1119708.040020685
2017-07-04 03:02:00,115737.67566847437,3283299.5871951063,499,0.1282565130260521,9218019.665330661,3,52252.43346565261,1186022.7090838454,62059.77013677934,1408660.7808111464,73726.25253630591,1007404.1544757757
2017-07-04 03:03:00,43082.170687897094,587755.3521840309,804,0.0845771144278607,11554522.15920398,3,115737.67566847437,3283299.5871951063,52252.43346565261,1186022.7090838454,62059.77013677934,1408660.7808111464
2017-07-04 03:04:00,49901.50320679282,313408.07384543965,646,0.07120743034055728,10799428.98606811,3,43082.170687897094,587755.3521840309,115737.67566847437,3283299.5871951063,52252.43346565261,1186022.7090838454
2017-07-04 03:05:00,53245.28872782438,1379127.5871739774,983,0.0335707019328586,10366622.326551374,3,49901.50320679282,313408.07384543965,43082.170687897094,587755.3521840309,115737.67566847437,3283299.5871951063
2017-07-04 03:06:00,90688.68412153955,2245234.265077501,756,0.09391534391534391,7094321.925925926,3,53245.28872782438,1379127.5871739774,49901.50320679282,313408.07384543965,43082.170687897094,587755.3521840309
2017-07-04 03:07:00,93150.30172726826,3560626.552512415,386,0.13730569948186527,4735734.606217616,3,90688.68412153955,2245234.265077501,53245.28872782438,1379127.5871739774,49901.50320679282,313408.07384543965
2017-07-04 03:08:00,55255.98584579333,2324202.4941218453,696,0.09482758620689655,9535269.507183908,3,93150.30172726826,3560626.552512415,90688.68412153955,2245234.265077501,53245.28872782438,1379127.5871739774
2017-07-04 03:09:00,37037.34174688707,1049277.7683421427,1790,0.026815642458100558,12290576.504469274,3,55255.98584579333,2324202.4941218453,93150.30172726826,3560626.552512415,90688.68412153955,2245234.265077501
2017-07-04 03:10:00,68775.88981667062,278842.5605370837,424,0.054245283018867926,4888729.945754717,3,37037.34174688707,1049277.7683421427,55255.98584579333,2324202.4941218453,93150.30172726826,3560626.552512415
2017-07-04 03:11:00,73264.98037815402,2575866.740830829,629,0.06518282988871224,8552813.166931637,3,68775.88981667062,278842.5605370837,37037.34174688707,1049277.7683421427,55255.98584579333,2324202.4941218453
2017-07-04 03:12:00,85868.21379517617,1692229.9781973278,707,0.10042432814710042,9430380.536067892,0,73264.98037815402,2575866.740830829,68775.88981667062,278842.5605370837,37037.34174688707,1049277.7683421427
2017-07-04 03:13:00,38475.97915950972,529822.4019410309,398,0.08542713567839195,11488590.944723617,0,85868.21379517617,1692229.9781973278,73264.98037815402,2575866.740830829,68775.88981667062,278842.5605370837
2017-07-04 03:14:00,37735.11816533866,592247.8448829649,1376,0.03343023255813953,12847558.447674418,0,38475.97915950972,529822.4019410309,85868.21379517617,1692229.9781973278,73264.98037815402,2575866.740830829
2017-07-04 03:15:00,63823.98925604505,2793191.480687569,863,0.04287369640787949,8600272.082271148,0,37735.11816533866,592247.8448829649,38475.97915950972,529822.4019410309,85868.21379517617,1692229.9781973278
2017-07-04 03:16:00,44233.71267125624,693118.4208629235,1288,0.03183229813664596,14733471.412267081,0,63823.98925604505,2793191.480687569,37735.11816533866,592247.8448829649,38475.97915950972,529822.4019410309
2017-07-04 03:17:00,46786.74484937305,2127302.1040282017,918,0.04357298474945534,12799967.549019609,0,44233.71267125624,693118.4208629235,63823.98925604505,2793191.480687569,37735.11816533866,592247.8448829649
2017-07-04 03:18:00,42418.8299222196,1132810.9057044792,2260,0.030973451327433628,12132318.857964601,0,46786.74484937305,2127302.1040282017,44233.71267125624,693118.4208629235,63823.98925604505,2793191.480687569
2017-07-04 03:19:00,67458.84904198814,942099.0945470766,3503,0.10847844704538967,8142427.031687126,0,42418.8299222196,1132810.9057044792,46786.74484937305,2127302.1040282017,44233.71267125624,693118.4208629235
2017-07-04 03:20:00,212054.34595154764,2672824.983996337,1599,0.19887429643527205,2860042.579111945,0,67458.84904198814,942099.0945470766,42418.8299222196,1132810.9057044792,46786.74484937305,2127302.1040282017
2017-07-04 03:21:00,86287.79637476543,1456053.9736483071,353,0.20113314447592068,11159100.14164306,0,212054.34595154764,2672824.983996337,67458.84904198814,942099.0945470766,42418.8299222196,1132810.9057044792
2017-07-04 03:22:00,38418.1260001496,2585944.8367790673,1170,0.04871794871794872,11757231.442735042,0,86287.79637476543,1456053.9736483071,212054.34595154764,2672824.983996337,67458.84904198814,942099.0945470766
2017-07-04 03:23:00,28824.45877663148,1110336.5619674106,1279,0.046129788897576234,13722941.035183737,0,38418.1260001496,2585944.8367790673,86287.79637476543,1456053.9736483071,212054.34595154764,2672824.983996337
2017-07-04 03:24:00,45588.36031750078,907922.451073507,1194,0.011725293132328308,17147016.6959799,0,28824.45877663148,1110336.5619674106,38418.1260001496,2585944.8367790673,86287.79637476543,1456053.9736483071
2017-07-04 03:25:00,52696.864833681066,2166500.532310313,368,0.14945652173913043,12581798.93478261,0,45588.36031750078,907922.451073507,28824.45877663148,1110336.5619674106,38418.1260001496,2585944.8367790673
2017-07-04 03:26:00,54975.92034285094,847678.72404156,1513,0.06212822207534699,11282439.535360212,0,52696.864833681066,2166500.532310313,45588.36031750078,907922.451073507,28824.45877663148,1110336.5619674106
2017-07-04 03:27:00,42814.55124791387,2785840.5952542513,579,0.046632124352331605,8351782.9309153715,0,54975.92034285094,847678.72404156,52696.864833681066,2166500.532310313,45588.36031750078,907922.451073507
2017-07-04 03:28:00,54938.98492734102,4775105.998485974,609,0.04433497536945813,15259471.669950739,0,42814.55124791387,2785840.5952542513,54975.92034285094,847678.72404156,52696.864833681066,2166500.532310313
2017-07-04 03:29:00,91732.75518201782,4466247.2952868845,748,0.08288770053475936,10641495.22593583,0,54938.98492734102,4775105.998485974,42814.55124791387,2785840.5952542513,54975.92034285094,847678.72404156
2017-07-04 03:30:00,30189.151581901246,311836.6940418186,401,0.059850374064837904,11409399.309226932,0,91732.75518201782,4466247.2952868845,54938.98492734102,4775105.998485974,42814.55124791387,2785840.5952542513
2017-07-04 03:31:00,58786.56475262152,1045909.0165757977,842,0.05819477434679335,12537640.20665083,0,30189.151581901246,311836.6940418186,91732.75518201782,4466247.2952868845,54938.98492734102,4775105.998485974
2017-07-04 03:32:00,82306.73664875075,2266075.676849833,518,0.04633204633204633,9960137.66988417,0,58786.56475262152,1045909.0165757977,30189.151581901246,311836.6940418186,91732.75518201782,4466247.2952868845
2017-07-04 03:33:00,135162.35952093743,7857755.545226643,204,0.23529411764705882,7700678.681372549,0,82306.73664875075,2266075.676849833,58786.56475262152,1045909.0165757977,30189.151581901246,311836.6940418186
2017-07-04 03:34:00,63328.79049029726,3633039.432074676,419,0.081145584725537,11597310.92124105,0,135162.35952093743,7857755.545226643,82306.73664875075,2266075.676849833,58786.56475262152,1045909.0165757977
2017-07-04 03:35:00,36035.69931043211,1275382.9431769606,2468,0.02106969205834684,11884362.958670989,0,63328.79049029726,3633039.432074676,135162.35952093743,7857755.545226643,82306.73664875075,2266075.676849833
2017-07-04 03:36:00,67014.31795741247,3793689.17384584,347,0.02881844380403458,4774798.608069165,0,36035.69931043211,1275382.9431769606,63328.79049029726,3633039.432074676,135162.35952093743,7857755.545226643
2017-07-04 03:37:00,140366.6217457231,933205.3349203914,289,0.14186851211072665,9808460.152249135,0,67014.31795741247,3793689.17384584,36035.69931043211,1275382.9431769606,63328.79049029726,3633039.432074676
2017-07-04 03:38:00,163810.05763989344,9189685.222789967,183,0.20765027322404372,4400532.213114754,0,140366.6217457231,933205.3349203914,67014.31795741247,3793689.17384584,36035.69931043211,1275382.9431769606
2017-07-04 03:39:00,51682.52663861993,1016279.5833436308,239,0.0794979079497908,8430371.364016736,0,163810.05763989344,9189685.222789967,140366.6217457231,933205.3349203914,67014.31795741247,3793689.17384584
2017-07-04 03:40:00,37714.6946589966,557041.0046883858,770,0.05194805194805195,11792447.885714285,0,51682.52663861993,1016279.5833436308,163810.05763989344,9189685.222789967,140366.6217457231,933205.3349203914
2017-07-04 03:41:00,32341.4721349851,818077.2964701642,918,0.02832244008714597,7584685.227668845,0,37714.6946589966,557041.0046883858,51682.52663861993,1016279.5833436308,163810.05763989344,9189685.222789967
2017-07-04 03:42:00,70733.87763634248,151986.16242930942,142,0.11971830985915492,4889961.091549296,0,32341.4721349851,818077.2964701642,37714.6946589966,557041.0046883858,51682.52663861993,1016279.5833436308
2017-07-04 03:43:00,99302.87456856911,6394730.986751028,319,0.14106583072100312,5707008.583072101,0,70733.87763634248,151986.16242930942,32341.4721349851,818077.2964701642,37714.6946589966,557041.0046883858
2017-07-04 03:44:00,105536.95359411053,6030611.777943449,204,0.11274509803921569,9616501.656862745,0,99302.87456856911,6394730.986751028,70733.87763634248,151986.16242930942,32341.4721349851,818077.2964701642
2017-07-04 03:45:00,42804.182186693266,1592041.426909608,1267,0.02920284135753749,12786735.966061562,0,105536.95359411053,6030611.777943449,99302.87456856911,6394730.986751028,70733.87763634248,151986.16242930942
2017-07-04 03:46:00,41381.15306625624,1215629.88803193,1321,0.01514004542013626,8950966.465556396,0,42804.182186693266,1592041.426909608,105536.95359411053,6030611.777943449,99302.87456856911,6394730.986751028
2017-07-04 03:47:00,102641.61203606408,4201411.628201393,203,0.14285714285714285,6331366.620689655,0,41381.15306625624,1215629.88803193,42804.182186693266,1592041.426909608,105536.95359411053,6030611.777943449
2017-07-04 03:48:00,86877.28718645145,238851.51050119995,129,0.1937984496124031,10495192.139534883,0,102641.61203606408,4201411.628201393,41381.15306625624,1215629.88803193,42804.182186693266,1592041.426909608
2017-07-04 03:49:00,54368.422305426386,4285017.606740868,492,0.04878048780487805,9595339.865853658,0,86877.28718645145,238851.51050119995,102641.61203606408,4201411.628201393,41381.15306625624,1215629.88803193
2017-07-04 03:50:00,26015.96868456213,586024.5740554373,363,0.01928374655647383,16363734.765840221,0,54368.422305426386,4285017.606740868,86877.28718645145,238851.51050119995,102641.61203606408,4201411.628201393
2017-07-04 03:51:00,43599.39545720956,1130990.327564105,236,0.00847457627118644,18563551.877118643,0,26015.96868456213,586024.5740554373,54368.422305426386,4285017.606740868,86877.28718645145,238851.51050119995
2017-07-04 03:52:00,37172.909325975364,1355517.7705077229,1278,0.028951486697965573,10132425.744913928,0,43599.39545720956,1130990.327564105,26015.96868456213,586024.5740554373,54368.422305426386,4285017.606740868
2017-07-04 03:53:00,40408.02123939477,818084.857101238,963,0.018691588785046728,12049397.380062304,0,37172.909325975364,1355517.7705077229,43599.39545720956,1130990.327564105,26015.96868456213,586024.5740554373
2017-07-04 03:54:00,107223.08218781336,6769891.025717852,269,0.06691449814126393,6435913.081784386,0,40408.02123939477,818084.857101238,37172.909325975364,1355517.7705077229,43599.39545720956,1130990.327564105
2017-07-04 03:55:00,149559.07771963504,2934740.2789333356,187,0.12834224598930483,5457894.112299466,0,107223.08218781336,6769891.025717852,40408.02123939477,818084.857101238,37172.909325975364,1355517.7705077229
2017-07-04 03:56:00,189273.55153474136,9999787.877341563,99,0.1717171717171717,6588985.575757576,0,149559.07771963504,2934740.2789333356,107223.08218781336,6769891.025717852,40408.02123939477,818084.857101238
2017-07-04 03:57:00,42303.05946088257,583502.15815621,1145,0.021834061135371178,13303880.363318777,0,189273.55153474136,9999787.877341563,149559.07771963504,2934740.2789333356,107223.08218781336,6769891.025717852
2017-07-04 03:58:00,32988.01453135125,693581.1292878236,755,0.05033112582781457,12372085.076821191,0,42303.05946088257,583502.15815621,189273.55153474136,9999787.877341563,149559.07771963504,2934740.2789333356
2017-07-04 03:59:00,32949.715742961336,1896207.7079828412,896,0.027901785714285716,10638965.181919644,0,32988.01453135125,693581.1292878236,42303.05946088257,583502.15815621,189273.55153474136,9999787.877341563
2017-07-04 04:00:00,159553.80442897454,8614213.437035277,198,0.21717171717171718,6375239.3838383835,0,32949.715742961336,1896207.7079828412,32988.01453135125,693581.1292878236,42303.05946088257,583502.15815621
2017-07-04 04:01:00,112735.59789623458,6206447.610098878,230,0.0782608695652174,6578694.8,0,159553.80442897454,8614213.437035277,32949.715742961336,1896207.7079828412,32988.01453135125,693581.1292878236
2017-07-04 04:02:00,27962.934701107228,752423.2642891624,874,0.017162471395881007,13899633.863844393,0,112735.59789623458,6206447.610098878,159553.80442897454,8614213.437035277,32949.715742961336,1896207.7079828412
2017-07-04 04:03:00,86790.7895139335,12748936.319235144,140,0.07857142857142857,9329687.985714287,0,27962.934701107228,752423.2642891624,112735.59789623458,6206447.610098878,159553.80442897454,8614213.437035277
2017-07-04 04:04:00,87041.66210810412,152629.21441490357,161,0.031055900621118012,3377929.248447205,0,86790.7895139335,12748936.319235144,27962.934701107228,752423.2642891624,112735.59789623458,6206447.610098878
2017-07-04 04:05:00,67375.7747520266,3525844.9119228874,263,0.11026615969581749,10041188.403041825,0,87041.66210810412,152629.21441490357,86790.7895139335,12748936.319235144,27962.934701107228,752423.2642891624
2017-07-04 04:06:00,47817.76608428616,963103.559583884,806,0.019851116625310174,11450398.198511166,0,67375.7747520266,3525844.9119228874,87041.66210810412,152629.21441490357,86790.7895139335,12748936.319235144
2017-07-04 04:07:00,26630.313844050826,368326.93382410903,946,0.015856236786469344,10430477.11627907,0,47817.76608428616,963103.559583884,67375.7747520266,3525844.9119228874,87041.66210810412,152629.21441490357
2017-07-04 04:08:00,71128.9170479256,680343.4077702027,504,0.06349206349206349,11925963.382936507,0,26630.313844050826,368326.93382410903,47817.76608428616,963103.559583884,67375.7747520266,3525844.9119228874
2017-07-04 04:09:00,35670.03433897406,1686415.5412276334,735,0.053061224489795916,9175399.744217686,0,71128.9170479256,680343.4077702027,26630.313844050826,368326.93382410903,47817.76608428616,963103.559583884
2017-07-04 04:10:00,71277.97687432183,3545805.3433592706,486,0.059670781893004114,14728906.594650205,0,35670.03433897406,1686415.5412276334,71128.9170479256,680343.4077702027,26630.313844050826,368326.93382410903
2017-07-04 04:11:00,61787.32003098504,3779295.0079004318,331,0.06646525679758308,11016015.474320242,0,71277.97687432183,3545805.3433592706,35670.03433897406,1686415.5412276334,71128.9170479256,680343.4077702027
2017-07-04 04:12:00,83408.64630515383,1982465.0833054367,543,0.10128913443830571,12982937.097605893,0,61787.32003098504,3779295.0079004318,71277.97687432183,3545805.3433592706,35670.03433897406,1686415.5412276334
2017-07-04 04:13:00,33103.54816903773,997994.0353226118,1554,0.01866151866151866,9472234.725868726,0,83408.64630515383,1982465.0833054367,61787.32003098504,3779295.0079004318,71277.97687432183,3545805.3433592706
2017-07-04 04:14:00,132140.6863299744,2048342.6928099128,569,0.10017574692442882,8950370.244288225,0,33103.54816903773,997994.0353226118,83408.64630515383,1982465.0833054367,61787.32003098504,3779295.0079004318
2017-07-04 04:15:00,90288.20833489331,447906.81511639757,162,0.08024691358024691,9515476.845679013,0,132140.6863299744,2048342.6928099128,33103.54816903773,997994.0353226118,83408.64630515383,1982465.0833054367
2017-07-04 04:16:00,62339.72927630545,3840290.054516365,366,0.1092896174863388,14210455.363387978,0,90288.20833489331,447906.81511639757,132140.6863299744,2048342.6928099128,33103.54816903773,997994.0353226118
2017-07-04 04:17:00,33599.89548877771,1049873.1041328653,1032,0.023255813953488372,13776445.070736434,0,62339.72927630545,3840290.054516365,90288.20833489331,447906.81511639757,132140.6863299744,2048342.6928099128
2017-07-04 04:18:00,45530.46690505758,871279.5151684037,1015,0.034482758620689655,12722369.55270936,0,33599.89548877771,1049873.1041328653,62339.72927630545,3840290.054516365,90288.20833489331,447906.81511639757
2017-07-04 04:19:00,44083.443199966685,1590587.3283598488,930,0.030107526881720432,8405571.248387096,0,45530.46690505758,871279.5151684037,33599.89548877771,1049873.1041328653,62339.72927630545,3840290.054516365
2017-07-04 04:20:00,73188.07711767388,1153673.8019897277,1016,0.06791338582677166,8838528.941929134,0,44083.443199966685,1590587.3283598488,45530.46690505758,871279.5151684037,33599.89548877771,1049873.1041328653
2017-07-04 04:21:00,36442.510796319395,1609659.9064846772,783,0.034482758620689655,10252398.659003831,0,73188.07711767388,1153673.8019897277,44083.443199966685,1590587.3283598488,45530.46690505758,871279.5151684037
2017-07-04 04:22:00,107503.75918604505,2039629.626180174,178,0.056179775280898875,6341126.573033708,0,36442.510796319395,1609659.9064846772,73188.07711767388,1153673.8019897277,44083.443199966685,1590587.3283598488
2017-07-04 04:23:00,91105.15094378292,4627265.405505651,425,0.06588235294117648,8643022.887058824,0,107503.75918604505,2039629.626180174,36442.510796319395,1609659.9064846772,73188.07711767388,1153673.8019897277
2017-07-04 04:24:00,20806.34976507249,398247.42816367006,2466,0.012976480129764802,13405732.814274129,0,91105.15094378292,4627265.405505651,107503.75918604505,2039629.626180174,36442.510796319395,1609659.9064846772
2017-07-04 04:25:00,63328.778690954256,960399.8082795655,3685,0.0485753052917232,10334150.294436906,0,20806.34976507249,398247.42816367006,91105.15094378292,4627265.405505651,107503.75918604505,2039629.626180174
2017-07-04 04:26:00,79105.08525742345,1232762.8850402925,3664,0.060589519650655024,8408139.815229258,0,63328.778690954256,960399.8082795655,20806.34976507249,398247.42816367006,91105.15094378292,4627265.405505651
2017-07-04 04:27:00,99336.39667396163,1810394.2769481968,2374,0.09393428812131424,5799284.879949452,0,79105.08525742345,1232762.8850402925,63328.778690954256,960399.8082795655,20806.34976507249,398247.42816367006
2017-07-04 04:28:00,95633.0809364977,1476574.4409928448,3588,0.08138238573021182,5218667.351727982,0,99336.39667396163,1810394.2769481968,79105.08525742345,1232762.8850402925,63328.778690954256,960399.8082795655
2017-07-04 04:29:00,88331.24329292386,3024151.0177097856,1908,0.10744234800838574,5524754.1912997905,0,95633.0809364977,1476574.4409928448,99336.39667396163,1810394.2769481968,79105.08525742345,1232762.8850402925
2017-07-04 04:30:00,53385.43275465258,2032361.7004599068,1308,0.04204892966360856,15642341.246941896,0,88331.24329292386,3024151.0177097856,95633.0809364977,1476574.4409928448,99336.39667396163,1810394.2769481968
2017-07-04 04:31:00,58912.05796009048,568133.9354396848,1084,0.045202952029520294,15721878.622693727,0,53385.43275465258,2032361.7004599068,88331.24329292386,3024151.0177097856,95633.0809364977,1476574.4409928448
2017-07-04 04:32:00,122707.83772256099,1511369.4538409743,881,0.09875141884222474,9481197.519863792,0,58912.05796009048,568133.9354396848,53385.43275465258,2032361.7004599068,88331.24329292386,3024151.0177097856
2017-07-04 04:33:00,57838.363756691004,476330.96399161173,744,0.0913978494623656,7720761.458333333,0,122707.83772256099,1511369.4538409743,58912.05796009048,568133.9354396848,53385.43275465258,2032361.7004599068
2017-07-04 04:34:00,106573.41325858458,681222.8572726792,243,0.11522633744855967,6652245.802469136,0,57838.363756691004,476330.96399161173,122707.83772256099,1511369.4538409743,58912.05796009048,568133.9354396848
2017-07-04 04:35:00,36630.921641111956,774480.1284535396,923,0.07583965330444203,13791735.891657637,0,106573.41325858458,681222.8572726792,57838.363756691004,476330.96399161173,122707.83772256099,1511369.4538409743
2017-07-04 04:36:00,38704.67079557319,543540.6574743307,1080,0.026851851851851852,21187764.627777778,0,36630.921641111956,774480.1284535396,106573.41325858458,681222.8572726792,57838.363756691004,476330.96399161173
2017-07-04 04:37:00,57837.2208585537,783170.4160593488,1462,0.0560875512995896,14300022.603283174,0,38704.67079557319,543540.6574743307,36630.921641111956,774480.1284535396,106573.41325858458,681222.8572726792
2017-07-04 04:38:00,57335.84853037327,897411.7198760377,1347,0.05196733481811433,12399655.781737193,0,57837.2208585537,783170.4160593488,38704.67079557319,543540.6574743307,36630.921641111956,774480.1284535396
2017-07-04 04:39:00,32664.45905504892,762275.7033461325,2976,0.03763440860215054,13306917.360551076,0,57335.84853037327,897411.7198760377,57837.2208585537,783170.4160593488,38704.67079557319,543540.6574743307
2017-07-04 04:40:00,100535.63450597519,829012.2315354262,562,0.10320284697508897,4344003.647686833,0,32664.45905504892,762275.7033461325,57335.84853037327,897411.7198760377,57837.2208585537,783170.4160593488
2017-07-04 04:41:00,40781.143590383916,550318.9485539903,2511,0.02309836718438869,12700481.663480684,0,100535.63450597519,829012.2315354262,32664.45905504892,762275.7033461325,57335.84853037327,897411.7198760377
2017-07-04 04:42:00,81985.52695426419,872192.0184355881,940,0.07553191489361702,4007455.313829787,0,40781.143590383916,550318.9485539903,100535.63450597519,829012.2315354262,32664.45905504892,762275.7033461325
2017-07-04 04:43:00,88231.31407470047,1969221.6975705945,472,0.09110169491525423,10660138.644067796,0,81985.52695426419,872192.0184355881,40781.143590383916,550318.9485539903,100535.63450597519,829012.2315354262
2017-07-04 04:44:00,68737.97813053644,1485638.1805476819,828,0.0966183574879227,12158790.47705314,0,88231.31407470047,1969221.6975705945,81985.52695426419,872192.0184355881,40781.143590383916,550318.9485539903
2017-07-04 04:45:00,85080.81830090104,1085552.6523560751,438,0.06164383561643835,10350746.703196347,0,68737.97813053644,1485638.1805476819,88231.31407470047,1969221.6975705945,81985.52695426419,872192.0184355881
2017-07-04 04:46:00,65077.78604823342,623506.518494827,799,0.04505632040050062,14134969.9436796,0,85080.81830090104,1085552.6523560751,68737.97813053644,1485638.1805476819,88231.31407470047,1969221.6975705945
2017-07-04 04:47:00,36656.67450252042,2408469.796682324,480,0.016666666666666666,12162281.0125,0,65077.78604823342,623506.518494827,85080.81830090104,1085552.6523560751,68737.97813053644,1485638.1805476819
2017-07-04 04:48:00,36056.57626972424,1078288.122145959,1594,0.04015056461731493,11297826.341907151,0,36656.67450252042,2408469.796682324,65077.78604823342,623506.518494827,85080.81830090104,1085552.6523560751
2017-07-04 04:49:00,94325.61694492606,692348.6705567723,987,0.07396149949341439,5943308.12462006,0,36056.57626972424,1078288.122145959,36656.67450252042,2408469.796682324,65077.78604823342,623506.518494827
2017-07-04 04:50:00,48880.9058050308,604774.0926295868,578,0.06401384083044982,12503516.543252595,0,94325.61694492606,692348.6705567723,36056.57626972424,1078288.122145959,36656.67450252042,2408469.796682324
2017-07-04 04:51:00,65917.3291214215,301417.4021329401,722,0.0817174515235457,6699040.871191136,0,48880.9058050308,604774.0926295868,94325.61694492606,692348.6705567723,36056.57626972424,1078288.122145959
2017-07-04 04:52:00,30929.638910347672,566219.4235599614,1769,0.01582815149802148,17369246.72018089,0,65917.3291214215,301417.4021329401,48880.9058050308,604774.0926295868,94325.61694492606,692348.6705567723
2017-07-04 04:53:00,59224.82550118401,957476.7522656015,1129,0.048715677590788306,9219369.531443756,0,30929.638910347672,566219.4235599614,65917.3291214215,301417.4021329401,48880.9058050308,604774.0926295868
2017-07-04 04:54:00,44451.674814924845,738522.93733181,1137,0.056288478452066845,10595707.43183817,0,59224.82550118401,957476.7522656015,30929.638910347672,566219.4235599614,65917.3291214215,301417.4021329401
2017-07-04 04:55:00,42128.45552593971,410170.2065145287,1592,0.06155778894472362,11620224.163944723,0,44451.674814924845,738522.93733181,59224.82550118401,957476.7522656015,30929.638910347672,566219.4235599614
2017-07-04 04:56:00,49560.85198245673,1510680.8913660739,792,0.05303030303030303,10614049.553030303,0,42128.45552593971,410170.2065145287,44451.674814924845,738522.93733181,59224.82550118401,957476.7522656015
2017-07-04 04:57:00,119856.78944596874,4882449.966989061,621,0.07407407407407407,7549165.724637682,0,49560.85198245673,1510680.8913660739,42128.45552593971,410170.2065145287,44451.674814924845,738522.93733181
2017-07-04 04:58:00,96399.79593515683,669572.8220410633,437,0.06864988558352403,12085077.029748283,0,119856.78944596874,4882449.966989061,49560.85198245673,1510680.8913660739,42128.45552593971,410170.2065145287
2017-07-04 04:59:00,61760.762589324375,1090846.4694671582,639,0.07198748043818466,4376374.266040688,0,96399.79593515683,669572.8220410633,119856.78944596874,4882449.966989061,49560.85198245673,1510680.8913660739
2017-07-04 05:00:00,42711.138995479065,2046753.2420172922,165,0.05454545454545454,1533268.9333333333,0,61760.762589324375,1090846.4694671582,96399.79593515683,669572.8220410633,119856.78944596874,4882449.966989061
2017-07-04 08:53:00,0.222146066,0.111073033,1,0.0,90030854.0,0,42711.138995479065,2046753.2420172922,61760.762589324375,1090846.4694671582,96399.79593515683,669572.8220410633
2017-07-04 08:54:00,97238.40864859574,1318722.1175988882,67,0.0,11872264.28358209,0,0.222146066,0.111073033,42711.138995479065,2046753.2420172922,61760.762589324375,1090846.4694671582
2017-07-04 08:55:00,14514.823496872677,151964.63706583416,118,0.00847457627118644,7628839.06779661,0,97238.40864859574,1318722.1175988882,0.222146066,0.111073033,42711.138995479065,2046753.2420172922
2017-07-04 08:56:00,81259.18879305646,1555302.413849217,115,0.0,4542357.486956522,0,14514.823496872677,151964.63706583416,97238.40864859574,1318722.1175988882,0.222146066,0.111073033
2017-07-04 08:57:00,69450.02510743587,2187295.885396678,811,0.009864364981504316,7107869.045622688,0,81259.18879305646,1555302.413849217,14514.823496872677,151964.63706583416,97238.40864859574,1318722.1175988882
2017-07-04 08:58:00,99156.11802364203,2240274.739713438,276,0.010869565217391304,6035045.289855072,0,69450.02510743587,2187295.885396678,81259.18879305646,1555302.413849217,14514.823496872677,151964.63706583416
2017-07-04 08:59:00,30933.44985829699,561546.1719025956,295,0.010169491525423728,29972305.352542374,0,99156.11802364203,2240274.739713438,69450.02510743587,2187295.885396678,81259.18879305646,1555302.413849217
2017-07-04 09:00:00,33211.95610656415,2964131.5470339055,97,0.030927835051546393,30267848.783505153,0,30933.44985829699,561546.1719025956,99156.11802364203,2240274.739713438,69450.02510743587,2187295.885396678
2017-07-04 09:01:00,30509.03552841422,570104.6281759213,2739,0.01569916027747353,8959373.471705003,0,33211.95610656415,2964131.5470339055,30933.44985829699,561546.1719025956,99156.11802364203,2240274.739713438
2017-07-04 09:02:00,53450.28608144788,1288098.0574411345,616,0.045454545454545456,11469066.357142856,0,30509.03552841422,570104.6281759213,33211.95610656415,2964131.5470339055,30933.44985829699,561546.1719025956
2017-07-04 09:03:00,99656.8869021793,1811237.702322286,266,0.06390977443609022,13735469.642857144,0,53450.28608144788,1288098.0574411345,30509.03552841422,570104.6281759213,33211.95610656415,2964131.5470339055
2017-07-04 09:04:00,86348.36468774333,2039288.5586155534,191,0.1518324607329843,28403804.76963351,0,99656.8869021793,1811237.702322286,53450.28608144788,1288098.0574411345,30509.03552841422,570104.6281759213
2017-07-04 09:05:00,41860.376750097705,1166489.0839900023,559,0.017889087656529516,20427608.096601073,0,86348.36468774333,2039288.5586155534,99656.8869021793,1811237.702322286,53450.28608144788,1288098.0574411345
2017-07-04 09:06:00,29431.2589427679,619876.9525557001,1038,0.014450867052023121,10049927.708092485,0,41860.376750097705,1166489.0839900023,86348.36468774333,2039288.5586155534,99656.8869021793,1811237.702322286
2017-07-04 09:07:00,82229.93943359113,1872171.4721658188,464,0.08189655172413793,12044072.612068966,0,29431.2589427679,619876.9525557001,41860.376750097705,1166489.0839900023,86348.36468774333,2039288.5586155534
2017-07-04 09:08:00,71105.2222883102,3489201.895529461,522,0.032567049808429116,13503871.561302682,0,82229.93943359113,1872171.4721658188,29431.2589427679,619876.9525557001,41860.376750097705,1166489.0839900023
2017-07-04 09:09:00,22797.12025569671,405499.33760661865,1483,0.019554956169925825,16265625.902899528,0,71105.2222883102,3489201.895529461,82229.93943359113,1872171.4721658188,29431.2589427679,619876.9525557001
2017-07-04 09:10:00,50183.84622405058,472062.05513958697,1436,0.02437325905292479,13895661.995125348,0,22797.12025569671,405499.33760661865,71105.2222883102,3489201.895529461,82229.93943359113,1872171.4721658188
2017-07-04 09:11:00,43652.80502318235,676145.1132447864,2151,0.03114830311483031,10345395.020455603,0,50183.84622405058,472062.05513958697,22797.12025569671,405499.33760661865,71105.2222883102,3489201.895529461
2017-07-04 09:12:00,41923.74470808974,965120.6775424017,2017,0.042637580565195836,9036231.841348538,0,43652.80502318235,676145.1132447864,50183.84622405058,472062.05513958697,22797.12025569671,405499.33760661865
2017-07-04 09:13:00,94013.22337174158,2583214.3922213693,531,0.0847457627118644,11078112.721280603,0,41923.74470808974,965120.6775424017,43652.80502318235,676145.1132447864,50183.84622405058,472062.05513958697
2017-07-04 09:14:00,84066.86914438977,3035696.0145817855,697,0.07890961262553801,15386447.771879483,0,94013.22337174158,2583214.3922213693,41923.74470808974,965120.6775424017,43652.80502318235,676145.1132447864
2017-07-04 09:15:00,27677.925292624157,529258.3126830243,3155,0.020602218700475437,10469912.6,0,84066.86914438977,3035696.0145817855,94013.22337174158,2583214.3922213693,41923.74470808974,965120.6775424017
2017-07-04 09:16:00,32782.93436595255,713510.3824314469,1920,0.008854166666666666,9022068.155208332,0,27677.925292624157,529258.3126830243,84066.86914438977,3035696.0145817855,94013.22337174158,2583214.3922213693
2017-07-04 09:17:00,77664.28486572448,2645482.6440128568,1335,0.04794007490636704,10351794.450187266,3,32782.93436595255,713510.3824314469,27677.925292624157,529258.3126830243,84066.86914438977,3035696.0145817855
2017-07-04 09:18:00,32022.061056429597,757737.3941397875,2374,0.02948609941027801,16497598.795282224,0,77664.28486572448,2645482.6440128568,32782.93436595255,713510.3824314469,27677.925292624157,529258.3126830243
2017-07-04 09:19:00,44894.206083628385,824392.1700697655,1527,0.03601833660772757,12904997.833660772,3,32022.061056429597,757737.3941397875,77664.28486572448,2645482.6440128568,32782.93436595255,713510.3824314469
2017-07-04 09:20:00,41417.01680826377,619986.0240698193,3230,0.05541795665634675,8703005.269040247,3,44894.206083628385,824392.1700697655,32022.061056429597,757737.3941397875,77664.28486572448,2645482.6440128568
2017-07-04 09:21:00,119614.81632678243,940216.9770214423,928,0.13577586206896552,10479900.739224138,3,41417.01680826377,619986.0240698193,44894.206083628385,824392.1700697655,32022.061056429597,757737.3941397875
2017-07-04 09:22:00,73165.24650201529,1112746.234926195,1399,0.07505360972122944,13097723.560400287,3,119614.81632678243,940216.9770214423,41417.01680826377,619986.0240698193,44894.206083628385,824392.1700697655
2017-07-04 09:23:00,138580.42554110478,2398118.859669284,821,0.11571254567600488,11889020.236297198,3,73165.24650201529,1112746.234926195,119614.81632678243,940216.9770214423,41417.01680826377,619986.0240698193
2017-07-04 09:24:00,96425.10697572067,1361990.0113692614,1510,0.06688741721854305,14754744.70397351,3,138580.42554110478,2398118.859669284,73165.24650201529,1112746.234926195,119614.81632678243,940216.9770214423
2017-07-04 09:25:00,98640.08868204917,1227976.3416553843,1627,0.08113091579594345,10557753.379225569,3,96425.10697572067,1361990.0113692614,138580.42554110478,2398118.859669284,73165.24650201529,1112746.234926195
2017-07-04 09:26:00,136343.5947443553,1653433.4503192024,1586,0.11664564943253468,9434301.242118537,3,98640.08868204917,1227976.3416553843,96425.10697572067,1361990.0113692614,138580.42554110478,2398118.859669284
2017-07-04 09:27:00,141300.5243319179,1970982.06762161,1003,0.11465603190428714,11026424.294117646,3,136343.5947443553,1653433.4503192024,98640.08868204917,1227976.3416553843,96425.10697572067,1361990.0113692614
2017-07-04 09:28:00,164387.09708750117,1226809.4167120864,526,0.188212927756654,12284601.102661597,3,141300.5243319179,1970982.06762161,136343.5947443553,1653433.4503192024,98640.08868204917,1227976.3416553843
2017-07-04 09:29:00,52100.341342620915,786469.2511279292,2396,0.048414023372287146,12536670.646911519,3,164387.09708750117,1226809.4167120864,141300.5243319179,1970982.06762161,136343.5947443553,1653433.4503192024
2017-07-04 09:30:00,47880.2590984499,735108.0579162798,1594,0.06148055207026349,11885266.567754079,3,52100.341342620915,786469.2511279292,164387.09708750117,1226809.4167120864,141300.5243319179,1970982.06762161
2017-07-04 09:31:00,83404.06278360523,559953.1366799456,1053,0.100664767331434,7536122.965811966,3,47880.2590984499,735108.0579162798,52100.341342620915,786469.2511279292,164387.09708750117,1226809.4167120864
2017-07-04 09:32:00,158276.6092032061,1209712.5246592145,655,0.20763358778625954,13371805.054961832,3,83404.06278360523,559953.1366799456,47880.2590984499,735108.0579162798,52100.341342620915,786469.2511279292
2017-07-04 09:33:00,88104.31398116027,1393817.3813370587,1326,0.08446455505279035,13554038.254147813,3,158276.6092032061,1209712.5246592145,83404.06278360523,559953.1366799456,47880.2590984499,735108.0579162798
2017-07-04 09:34:00,44898.329230661846,852228.5657676717,3032,0.03924802110817942,10033579.774406333,3,88104.31398116027,1393817.3813370587,158276.6092032061,1209712.5246592145,83404.06278360523,559953.1366799456
2017-07-04 09:35:00,138281.70964839513,2191952.2903314917,1874,0.10779082177161152,10334703.13927428,3,44898.329230661846,852228.5657676717,88104.31398116027,1393817.3813370587,158276.6092032061,1209712.5246592145
2017-07-04 09:36:00,93687.73743617653,809847.8032120916,1222,0.10965630114566285,15092175.615384616,3,138281.70964839513,2191952.2903314917,44898.329230661846,852228.5657676717,88104.31398116027,1393817.3813370587
2017-07-04 09:37:00,37463.22789096581,776493.316540625,2272,0.06426056338028169,13108399.668573944,3,93687.73743617653,809847.8032120916,138281.70964839513,2191952.2903314917,44898.329230661846,852228.5657676717
2017-07-04 09:38:00,44534.70304180582,1162882.2128581512,1616,0.07178217821782178,14856722.115717823,3,37463.22789096581,776493.316540625,93687.73743617653,809847.8032120916,138281.70964839513,2191952.2903314917
2017-07-04 09:39:00,53953.02407874935,577029.0764853487,2179,0.07342817806333181,16162555.233134465,3,44534.70304180582,1162882.2128581512,37463.22789096581,776493.316540625,93687.73743617653,809847.8032120916
2017-07-04 09:40:00,73659.18138598066,754445.3936862514,1018,0.13457760314341846,11835645.862475442,3,53953.02407874935,577029.0764853487,44534.70304180582,1162882.2128581512,37463.22789096581,776493.316540625
2017-07-04 09:41:00,95015.49148372296,1115446.7483478426,896,0.15959821428571427,11468605.58705357,3,73659.18138598066,754445.3936862514,53953.02407874935,577029.0764853487,44534.70304180582,1162882.2128581512
2017-07-04 09:42:00,49553.94497548719,448391.25612242037,1981,0.06562342251388188,12934538.216052499,3,95015.49148372296,1115446.7483478426,73659.18138598066,754445.3936862514,53953.02407874935,577029.0764853487
2017-07-04 09:43:00,34752.41295262219,701510.7033921252,2833,0.03812213201553124,10087953.332156725,3,49553.94497548719,448391.25612242037,95015.49148372296,1115446.7483478426,73659.18138598066,754445.3936862514
2017-07-04 09:44:00,40341.3571161222,597074.3274130668,1441,0.061068702290076333,9003710.43095073,3,34752.41295262219,701510.7033921252,49553.94497548719,448391.25612242037,95015.49148372296,1115446.7483478426
2017-07-04 09:45:00,74931.46129179662,1553731.5231251544,678,0.17256637168141592,13836844.864306785,3,40341.3571161222,597074.3274130668,34752.41295262219,701510.7033921252,49553.94497548719,448391.25612242037
2017-07-04 09:46:00,59137.0696720859,545486.600004401,937,0.096051227321238,10129486.474919958,3,74931.46129179662,1553731.5231251544,40341.3571161222,597074.3274130668,34752.41295262219,701510.7033921252
2017-07-04 09:47:00,43599.7789696695,1451246.510954561,2365,0.06596194503171247,11468016.739957716,3,59137.0696720859,545486.600004401,74931.46129179662,1553731.5231251544,40341.3571161222,597074.3274130668
2017-07-04 09:48:00,27749.619207650783,484221.5855272085,2224,0.043615107913669064,11306377.974370504,3,43599.7789696695,1451246.510954561,59137.0696720859,545486.600004401,74931.46129179662,1553731.5231251544
2017-07-04 09:49:00,38846.04976614374,1184346.1118222603,1502,0.06391478029294274,11291215.971371505,3,27749.619207650783,484221.5855272085,43599.7789696695,1451246.510954561,59137.0696720859,545486.600004401
2017-07-04 09:50:00,97424.60586746897,702780.0305100466,953,0.09968520461699895,10767084.043022037,3,38846.04976614374,1184346.1118222603,27749.619207650783,484221.5855272085,43599.7789696695,1451246.510954561
2017-07-04 09:51:00,93806.5990551935,805364.4131165552,2423,0.07758976475443664,9637381.979364425,3,97424.60586746897,702780.0305100466,38846.04976614374,1184346.1118222603,27749.619207650783,484221.5855272085
2017-07-04 09:52:00,49839.29114179156,699821.176490677,1940,0.06391752577319587,12286272.89484536,3,93806.5990551935,805364.4131165552,97424.60586746897,702780.0305100466,38846.04976614374,1184346.1118222603
2017-07-04 09:53:00,63339.02182600983,904540.4080297481,1265,0.10197628458498023,13633256.329644268,3,49839.29114179156,699821.176490677,93806.5990551935,805364.4131165552,97424.60586746897,702780.0305100466
2017-07-04 09:54:00,53867.54489231049,733059.2463561107,2283,0.06263688129653965,13832395.97109067,3,63339.02182600983,904540.4080297481,49839.29114179156,699821.176490677,93806.5990551935,805364.4131165552
2017-07-04 09:55:00,57556.10029186536,589917.1534660001,1701,0.09465020576131687,10780524.653733099,3,53867.54489231049,733059.2463561107,63339.02182600983,904540.4080297481,49839.29114179156,699821.176490677
2017-07-04 10:21:00,64233.170878412544,1055064.3690283783,174,0.08620689655172414,8433883.097701149,0,68968.13542488594,850605.4298589196,67000.68325196621,1355151.3170274277,74207.91336544736,1069352.8226804282
2017-07-04 10:22:00,24089.009367823626,566254.0975638729,1389,0.03167746580273578,13303620.088552916,0,64233.170878412544,1055064.3690283783,68968.13542488594,850605.4298589196,67000.68325196621,1355151.3170274277
2017-07-04 10:23:00,37912.27041516852,1877639.7767465333,1641,0.02254722730042657,12983209.570383912,0,24089.009367823626,566254.0975638729,64233.170878412544,1055064.3690283783,68968.13542488594,850605.4298589196
2017-07-04 10:24:00,49138.25502600257,394029.0825159688,627,0.03827751196172249,9640263.754385965,0,37912.27041516852,1877639.7767465333,24089.009367823626,566254.0975638729,64233.170878412544,1055064.3690283783
2017-07-04 10:25:00,56096.69520433767,606554.7268837915,629,0.10492845786963434,11554310.777424483,0,49138.25502600257,394029.0825159688,37912.27041516852,1877639.7767465333,24089.009367823626,566254.0975638729
2017-07-04 10:26:00,93004.8431391463,8088475.689454557,281,0.1387900355871886,7588542.960854093,0,56096.69520433767,606554.7268837915,49138.25502600257,394029.0825159688,37912.27041516852,1877639.7767465333
2017-07-04 10:27:00,50023.96735001789,474036.7521644683,1274,0.03453689167974882,13723508.80376766,0,93004.8431391463,8088475.689454557,56096.69520433767,606554.7268837915,49138.25502600257,394029.0825159688
2017-07-04 10:28:00,45502.73780002547,1262940.9122531447,1023,0.04105571847507331,15121093.402737048,0,50023.96735001789,474036.7521644683,93004.8431391463,8088475.689454557,56096.69520433767,606554.7268837915
2017-07-04 10:29:00,90148.31862559218,1611565.6367005005,597,0.10887772194304858,6745931.006700167,0,45502.73780002547,1262940.9122531447,50023.96735001789,474036.7521644683,93004.8431391463,8088475.689454557
2017-07-04 10:31:00,52539.36794874166,817354.6496718517,1364,0.0469208211143695,15401151.079912024,0,140068.55495119776,1366031.4370924525,90148.31862559218,1611565.6367005005,45502.73780002547,1262940.9122531447
2017-07-04 10:32:00,69808.7934008881,3689470.266287852,358,0.06424581005586592,4859778.424581005,0,52539.36794874166,817354.6496718517,140068.55495119776,1366031.4370924525,90148.31862559218,1611565.6367005005
2017-07-04 10:33:00,52646.75803433976,707168.4630957654,1306,0.03215926493108729,12483999.111026034,0,69808.7934008881,3689470.266287852,52539.36794874166,817354.6496718517,140068.55495119776,1366031.4370924525
2017-07-04 10:34:00,113784.06055704952,1822351.750145061,327,0.14984709480122324,5380770.801223242,0,52646.75803433976,707168.4630957654,69808.7934008881,3689470.266287852,52539.36794874166,817354.6496718517
2017-07-04 10:35:00,39579.738383724914,483546.87614196347,985,0.048730964467005075,14269157.939086294,0,113784.06055704952,1822351.750145061,52646.75803433976,707168.4630957654,69808.7934008881,3689470.266287852
2017-07-04 10:36:00,46537.94825285768,718286.5721950141,1514,0.04491413474240423,9424878.390356671,0,39579.738383724914,483546.87614196347,113784.06055704952,1822351.750145061,52646.75803433976,707168.4630957654
2017-07-04 10:37:00,95985.79471237864,3116745.139316532,265,0.07924528301886792,6768747.743396226,0,46537.94825285768,718286.5721950141,39579.738383724914,483546.87614196347,113784.06055704952,1822351.750145061
2017-07-04 10:38:00,57407.898542119845,574997.789941984,909,0.0704070407040704,11428654.242024202,0,95985.79471237864,3116745.139316532,46537.94825285768,718286.5721950141,39579.738383724914,483546.87614196347
2017-07-04 10:39:00,48138.50842515509,1244657.437792439,1153,0.029488291413703384,8760454.665221162,0,57407.898542119845,574997.789941984,95985.79471237864,3116745.139316532,46537.94825285768,718286.5721950141
2017-07-04 10:40:00,85519.60461486966,954774.5552708287,418,0.05263157894736842,10840073.650717704,0,48138.50842515509,1244657.437792439,57407.898542119845,574997.789941984,95985.79471237864,3116745.139316532
2017-07-04 10:41:00,32787.39516924326,726654.9991993143,653,0.06431852986217458,14584520.895865237,0,85519.60461486966,954774.5552708287,48138.50842515509,1244657.437792439,57407.898542119845,574997.789941984
2017-07-04 10:42:00,37022.3665969644,1652949.3364991888,585,0.03247863247863248,12511936.882051282,0,32787.39516924326,726654.9991993143,85519.60461486966,954774.5552708287,48138.50842515509,1244657.437792439
2017-07-04 10:43:00,41501.11305245736,465150.3899854059,493,0.05476673427991886,12951181.981744422,0,37022.3665969644,1652949.3364991888,32787.39516924326,726654.9991993143,85519.60461486966,954774.5552708287
2017-07-04 10:44:00,106857.34469187306,1248218.5668769525,300,0.11,8663104.583333334,0,41501.11305245736,465150.3899854059,37022.3665969644,1652949.3364991888,32787.39516924326,726654.9991993143
2017-07-04 10:45:00,50034.7437765333,808160.4454223462,864,0.052083333333333336,13799120.236111112,0,106857.34469187306,1248218.5668769525,41501.11305245736,465150.3899854059,37022.3665969644,1652949.3364991888
2017-07-04 10:46:00,31192.08008872224,602425.0123655897,1238,0.022617124394184167,17433312.11066236,0,50034.7437765333,808160.4454223462,106857.34469187306,1248218.5668769525,41501.11305245736,465150.3899854059
2017-07-04 10:47:00,34656.999668097975,669461.5607211939,1589,0.03775959723096287,8478137.95720579,0,31192.08008872224,602425.0123655897,50034.7437765333,808160.4454223462,106857.34469187306,1248218.5668769525
2017-07-04 10:48:00,146825.5579477538,2351721.770608109,374,0.06951871657754011,4188797.1310160425,0,34656.999668097975,669461.5607211939,31192.08008872224,602425.0123655897,50034.7437765333,808160.4454223462
2017-07-04 10:49:00,87073.20412945155,805661.7750150574,511,0.12915851272015655,10762144.452054795,0,146825.5579477538,2351721.770608109,34656.999668097975,669461.5607211939,31192.08008872224,602425.0123655897
2017-07-04 10:50:00,60114.56630130095,1342381.727308178,1172,0.06313993174061433,8753655.71331058,0,87073.20412945155,805661.7750150574,146825.5579477538,2351721.770608109,34656.999668097975,669461.5607211939
2017-07-04 10:51:00,27197.33617463468,341453.2960348176,537,0.03910614525139665,9744427.554934824,0,60114.56630130095,1342381.727308178,87073.20412945155,805661.7750150574,146825.5579477538,2351721.770608109
2017-07-04 10:52:00,30143.908997134044,369921.35506857635,1827,0.03229337712096333,10566859.01423098,0,27197.33617463468,341453.2960348176,60114.56630130095,1342381.727308178,87073.20412945155,805661.7750150574
2017-07-04 10:53:00,42513.89159828741,1051419.3934601494,807,0.040892193308550186,8331091.796778191,0,30143.908997134044,369921.35506857635,27197.33617463468,341453.2960348176,60114.56630130095,1342381.727308178
2017-07-04 10:54:00,42130.84046875624,945387.0655756334,1685,0.032640949554896145,10988081.941246292,0,42513.89159828741,1051419.3934601494,30143.908997134044,369921.35506857635,27197.33617463468,341453.2960348176
2017-07-04 10:55:00,36931.16273610213,290827.375491888,788,0.044416243654822336,9800434.767766498,0,42130.84046875624,945387.0655756334,42513.89159828741,1051419.3934601494,30143.908997134044,369921.35506857635
2017-07-04 10:56:00,126085.99658019931,1554081.837338468,616,0.1314935064935065,4359531.912337663,0,36931.16273610213,290827.375491888,42130.84046875624,945387.0655756334,42513.89159828741,1051419.3934601494
2017-07-04 10:57:00,65618.70927454821,1465709.856897099,716,0.07960893854748603,7409680.22905028,0,126085.99658019931,1554081.837338468,36931.16273610213,290827.375491888,42130.84046875624,945387.0655756334
2017-07-04 10:58:00,22872.149289357927,1074374.4087092166,697,0.047345767575322814,13400411.49928264,0,65618.70927454821,1465709.856897099,126085.99658019931,1554081.837338468,36931.16273610213,290827.375491888
2017-07-04 10:59:00,24520.698439716176,1332395.9613460922,1400,0.013571428571428571,15888495.208571428,0,22872.149289357927,1074374.4087092166,65618.70927454821,1465709.856897099,126085.99658019931,1554081.837338468
2017-07-04 11:00:00,33380.18823768678,356705.0655069891,1147,0.03836094158674804,13396888.326068003,0,24520.698439716176,1332395.9613460922,22872.149289357927,1074374.4087092166,65618.70927454821,1465709.856897099
2017-07-04 11:01:00,52598.98893172855,879594.8361467853,1726,0.044611819235225954,9658755.585168019,0,33380.18823768678,356705.0655069891,24520.698439716176,1332395.9613460922,22872.149289357927,1074374.4087092166
2017-07-04 11:02:00,42801.757082521995,688366.8829039184,2301,0.02824858757062147,12029978.070838766,0,52598.98893172855,879594.8361467853,33380.18823768678,356705.0655069891,24520.698439716176,1332395.9613460922
2017-07-04 11:03:00,105284.64639894763,1481362.6710064749,506,0.08498023715415019,12967184.727272727,0,42801.757082521995,688366.8829039184,52598.98893172855,879594.8361467853,33380.18823768678,356705.0655069891
2017-07-04 11:04:00,48818.23824749748,1135414.5739048705,1472,0.028532608695652172,16608886.501358695,0,105284.64639894763,1481362.6710064749,42801.757082521995,688366.8829039184,52598.98893172855,879594.8361467853
2017-07-04 11:05:00,40294.60095522718,639872.6148637744,1362,0.039647577092511016,13422168.674743025,0,48818.23824749748,1135414.5739048705,105284.64639894763,1481362.6710064749,42801.757082521995,688366.8829039184
2017-07-04 11:06:00,61640.52050054114,1700374.8241822093,1605,0.064797507788162,9227559.439875389,0,40294.60095522718,639872.6148637744,48818.23824749748,1135414.5739048705,105284.64639894763,1481362.6710064749
2017-07-04 11:07:00,224653.48661859392,2823460.173507288,3096,0.22965116279069767,1772440.201873385,0,61640.52050054114,1700374.8241822093,40294.60095522718,639872.6148637744,48818.23824749748,1135414.5739048705
2017-07-04 11:08:00,55129.79319848111,1360568.354733096,866,0.050808314087759814,12617119.86374134,0,224653.48661859392,2823460.173507288,61640.52050054114,1700374.8241822093,40294.60095522718,639872.6148637744
2017-07-04 11:09:00,50010.34274266651,1166244.741988483,531,0.04519774011299435,11066033.651600754,0,55129.79319848111,1360568.354733096,224653.48661859392,2823460.173507288,61640.52050054114,1700374.8241822093
2017-07-04 11:10:00,21783.393109403503,1365155.8634474063,787,0.029224904701397714,16467192.43964422,0,50010.34274266651,1166244.741988483,55129.79319848111,1360568.354733096,224653.48661859392,2823460.173507288
2017-07-04 11:11:00,35628.966755240406,1265942.4566139872,766,0.02349869451697128,12375928.046997389,0,21783.393109403503,1365155.8634474063,50010.34274266651,1166244.741988483,55129.79319848111,1360568.354733096
2017-07-04 11:12:00,49851.58804193598,2451166.643846318,798,0.05263157894736842,12694870.605263159,0,35628.966755240406,1265942.4566139872,21783.393109403503,1365155.8634474063,50010.34274266651,1166244.741988483
2017-07-04 11:13:00,31768.339682788806,444556.4529449924,326,0.06134969325153374,16314499.674846625,0,49851.58804193598,2451166.643846318,35628.966755240406,1265942.4566139872,21783.393109403503,1365155.8634474063
2017-07-04 11:14:00,37146.915837378736,479409.35634263325,1434,0.03417015341701534,15433622.387726638,0,31768.339682788806,444556.4529449924,49851.58804193598,2451166.643846318,35628.966755240406,1265942.4566139872
2017-07-04 11:15:00,40055.99279152576,2407664.399765134,567,0.042328042328042326,13062380.186948854,0,37146.915837378736,479409.35634263325,31768.339682788806,444556.4529449924,49851.58804193598,2451166.643846318
2017-07-04 11:16:00,32830.486672634535,933140.2621288786,1312,0.040396341463414635,13098282.269054879,0,40055.99279152576,2407664.399765134,37146.915837378736,479409.35634263325,31768.339682788806,444556.4529449924
2017-07-04 11:17:00,124212.89359806907,8424309.642542139,224,0.09375,5747797.133928572,0,32830.486672634535,933140.2621288786,40055.99279152576,2407664.399765134,37146.915837378736,479409.35634263325
2017-07-04 11:18:00,40824.163731621746,576406.8037692157,1018,0.03831041257367387,13170672.753438113,0,124212.89359806907,8424309.642542139,32830.486672634535,933140.2621288786,40055.99279152576,2407664.399765134
2017-07-04 11:19:00,105038.14812126278,3536483.3453061455,307,0.14006514657980457,6991628.680781759,0,40824.163731621746,576406.8037692157,124212.89359806907,8424309.642542139,32830.486672634535,933140.2621288786
2017-07-04 11:20:00,29208.43619074446,442806.06135190954,1163,0.02407566638005159,16114241.504729148,0,105038.14812126278,3536483.3453061455,40824.163731621746,576406.8037692157,124212.89359806907,8424309.642542139
2017-07-04 11:21:00,76211.37379951925,2467007.2308813483,625,0.0528,8273044.5008,0,29208.43619074446,442806.06135190954,105038.14812126278,3536483.3453061455,40824.163731621746,576406.8037692157
2017-07-04 11:22:00,31843.15335414032,1142481.823729346,691,0.04486251808972504,15246239.665701881,0,76211.37379951925,2467007.2308813483,29208.43619074446,442806.06135190954,105038.14812126278,3536483.3453061455
2017-07-04 11:23:00,65073.48016822243,1800646.6226710996,600,0.06166666666666667,11773603.876666667,0,31843.15335414032,1142481.823729346,76211.37379951925,2467007.2308813483,29208.43619074446,442806.06135190954
2017-07-04 11:24:00,85573.79204189694,3320342.6394946566,475,0.08,10725255.12631579,0,65073.48016822243,1800646.6226710996,31843.15335414032,1142481.823729346,76211.37379951925,2467007.2308813483
2017-07-04 11:25:00,35767.71729085332,1155287.408014449,808,0.04826732673267327,14563289.440594058,0,85573.79204189694,3320342.6394946566,65073.48016822243,1800646.6226710996,31843.15335414032,1142481.823729346
2017-07-04 11:26:00,39117.553614012744,1577041.4442034257,568,0.03345070422535211,13168238.501760563,0,35767.71729085332,1155287.408014449,85573.79204189694,3320342.6394946566,65073.48016822243,1800646.6226710996
2017-07-04 11:27:00,35283.64630234242,425586.1304476769,1755,0.038746438746438745,12513417.591452992,0,39117.553614012744,1577041.4442034257,35767.71729085332,1155287.408014449,85573.79204189694,3320342.6394946566
2017-07-04 11:28:00,67392.51831786372,2951196.42957995,262,0.061068702290076333,5983958.923664122,0,35283.64630234242,425586.1304476769,39117.553614012744,1577041.4442034257,35767.71729085332,1155287.408014449
2017-07-04 11:29:00,48432.066736319255,1707021.0145824626,1433,0.026517794836008374,11809251.073272854,0,67392.51831786372,2951196.42957995,35283.64630234242,425586.1304476769,39117.553614012744,1577041.4442034257
2017-07-04 11:30:00,51106.75182049364,2471291.2943995786,1387,0.044700793078586876,12016887.440519106,0,48432.066736319255,1707021.0145824626,67392.51831786372,2951196.42957995,35283.64630234242,425586.1304476769
2017-07-04 11:31:00,70233.6527093132,1228831.339697916,1226,0.05546492659053834,9285210.969820555,0,51106.75182049364,2471291.2943995786,48432.066736319255,1707021.0145824626,67392.51831786372,2951196.42957995
2017-07-04 11:32:00,37821.535391417,455502.8146031824,1155,0.0380952380952381,11422251.030303031,0,70233.6527093132,1228831.339697916,51106.75182049364,2471291.2943995786,48432.066736319255,1707021.0145824626
2017-07-04 11:33:00,117581.34990722906,3924710.5012591532,519,0.14836223506743737,14541356.64547206,0,37821.535391417,455502.8146031824,70233.6527093132,1228831.339697916,51106.75182049364,2471291.2943995786
2017-07-04 11:34:00,33338.92720497259,1064053.7889215853,1367,0.03730797366495977,10913443.280175567,0,117581.34990722906,3924710.5012591532,37821.535391417,455502.8146031824,70233.6527093132,1228831.339697916
2017-07-04 11:35:00,63205.69994203237,2308884.8350730804,731,0.05198358413132695,9849181.067031464,0,33338.92720497259,1064053.7889215853,117581.34990722906,3924710.5012591532,37821.535391417,455502.8146031824
2017-07-04 11:36:00,80649.61941084985,487959.2424373247,286,0.0979020979020979,9177906.363636363,0,63205.69994203237,2308884.8350730804,33338.92720497259,1064053.7889215853,117581.34990722906,3924710.5012591532
2017-07-04 11:37:00,83320.5044632139,2171883.924580926,394,0.10152284263959391,7573670.073604061,0,80649.61941084985,487959.2424373247,63205.69994203237,2308884.8350730804,33338.92720497259,1064053.7889215853
2017-07-04 11:38:00,42070.97201048648,611593.0018820959,1737,0.03223949337938975,13402496.204951065,0,83320.5044632139,2171883.924580926,80649.61941084985,487959.2424373247,63205.69994203237,2308884.8350730804
2017-07-04 11:39:00,42882.800558889736,1637524.0046076144,670,0.04477611940298507,11157779.297014926,0,42070.97201048648,611593.0018820959,83320.5044632139,2171883.924580926,80649.61941084985,487959.2424373247
2017-07-04 11:40:00,105284.05461494211,2750092.894538871,330,0.13636363636363635,5454200.13939394,0,42882.800558889736,1637524.0046076144,42070.97201048648,611593.0018820959,83320.5044632139,2171883.924580926
2017-07-04 11:41:00,61420.17432947826,885438.5165241351,580,0.1,10680078.9,0,105284.05461494211,2750092.894538871,42882.800558889736,1637524.0046076144,42070.97201048648,611593.0018820959
2017-07-04 11:42:00,44073.57002768961,1659482.421243984,962,0.038461538461538464,15211126.568607068,0,61420.17432947826,885438.5165241351,105284.05461494211,2750092.894538871,42882.800558889736,1637524.0046076144
2017-07-04 11:43:00,43668.90584412433,2564871.547691743,627,0.030303030303030304,10901794.75598086,0,44073.57002768961,1659482.421243984,61420.17432947826,885438.5165241351,105284.05461494211,2750092.894538871
2017-07-04 11:44:00,51933.6855884927,1619599.6453919106,1343,0.040208488458674606,10841555.741623232,0,43668.90584412433,2564871.547691743,44073.57002768961,1659482.421243984,61420.17432947826,885438.5165241351
2017-07-04 11:45:00,56206.126128084645,1241947.8791716073,311,0.09967845659163987,4740798.22829582,0,51933.6855884927,1619599.6453919106,43668.90584412433,2564871.547691743,44073.57002768961,1659482.421243984
2017-07-04 11:46:00,41490.82430836209,367963.42414837616,763,0.039318479685452164,18083975.325032767,0,56206.126128084645,1241947.8791716073,51933.6855884927,1619599.6453919106,43668.90584412433,2564871.547691743
2017-07-04 11:47:00,61017.98408389485,3981814.2985316985,456,0.07456140350877193,9281768.03508772,0,41490.82430836209,367963.42414837616,56206.126128084645,1241947.8791716073,51933.6855884927,1619599.6453919106
2017-07-04 11:48:00,35497.995962675224,702180.2843092498,1578,0.032953105196451206,11483746.794043092,0,61017.98408389485,3981814.2985316985,41490.82430836209,367963.42414837616,56206.126128084645,1241947.8791716073
2017-07-04 11:49:00,73238.99549934313,1855986.839940479,677,0.04283604135893648,8455540.159527326,0,35497.995962675224,702180.2843092498,61017.98408389485,3981814.2985316985,41490.82430836209,367963.42414837616
2017-07-04 11:50:00,57289.50496277724,593000.7639423198,1207,0.04971002485501243,9838373.52029826,0,73238.99549934313,1855986.839940479,35497.995962675224,702180.2843092498,61017.98408389485,3981814.2985316985
2017-07-04 11:51:00,31547.13403884656,1787236.7751712054,1562,0.02176696542893726,7465938.095390525,0,57289.50496277724,593000.7639423198,73238.99549934313,1855986.839940479,35497.995962675224,702180.2843092498
2017-07-04 11:52:00,61099.09061875988,2067988.2747016978,422,0.0924170616113744,7729287.106635071,0,31547.13403884656,1787236.7751712054,57289.50496277724,593000.7639423198,73238.99549934313,1855986.839940479
2017-07-04 11:53:00,73343.98519852436,1967599.3156536606,808,0.06806930693069307,10223718.99009901,0,61099.09061875988,2067988.2747016978,31547.13403884656,1787236.7751712054,57289.50496277724,593000.7639423198
2017-07-04 11:54:00,48180.75837547818,857695.1196960753,1307,0.04361132364192808,14936586.286916602,0,73343.98519852436,1967599.3156536606,61099.09061875988,2067988.2747016978,31547.13403884656,1787236.7751712054
2017-07-04 11:55:00,32589.3609814691,633947.7307937711,379,0.026385224274406333,2861903.81530343,0,48180.75837547818,857695.1196960753,73343.98519852436,1967599.3156536606,61099.09061875988,2067988.2747016978
2017-07-04 11:56:00,82031.4574125963,1630173.530601867,417,0.1079136690647482,6110589.87529976,0,32589.3609814691,633947.7307937711,48180.75837547818,857695.1196960753,73343.98519852436,1967599.3156536606
2017-07-04 11:57:00,61694.30254951592,2759181.6365238447,364,0.08516483516483517,6022796.101648352,0,82031.4574125963,1630173.530601867,32589.3609814691,633947.7307937711,48180.75837547818,857695.1196960753
2017-07-04 11:58:00,22528.151855423053,1104633.7023934561,2253,0.014647137150466045,12092114.404793609,0,61694.30254951592,2759181.6365238447,82031.4574125963,1630173.530601867,32589.3609814691,633947.7307937711
2017-07-04 11:59:00,68664.58098626713,1215964.0498656551,822,0.03527980535279805,7086448.182481752,0,22528.151855423053,1104633.7023934561,61694.30254951592,2759181.6365238447,82031.4574125963,1630173.530601867
2017-07-04 12:00:00,167108.17444357218,2839306.5113227065,556,0.13489208633093525,5075621.991007194,0,68664.58098626713,1215964.0498656551,22528.151855423053,1104633.7023934561,61694.30254951592,2759181.6365238447
2017-07-04 12:01:00,213137.45581163102,4796835.121835346,558,0.2025089605734767,1446251.4784946237,0,167108.17444357218,2839306.5113227065,68664.58098626713,1215964.0498656551,22528.151855423053,1104633.7023934561
2017-07-04 12:02:00,43227.49310868267,1130445.559310282,1219,0.04265791632485644,12259726.078753076,0,213137.45581163102,4796835.121835346,167108.17444357218,2839306.5113227065,68664.58098626713,1215964.0498656551
2017-07-04 12:03:00,117691.58422187637,726709.7384556876,301,0.07973421926910298,4435758.651162791,0,43227.49310868267,1130445.559310282,213137.45581163102,4796835.121835346,167108.17444357218,2839306.5113227065
2017-07-04 12:04:00,26637.51384770742,1135185.994673355,948,0.0189873417721519,6890834.735232067,0,117691.58422187637,726709.7384556876,43227.49310868267,1130445.559310282,213137.45581163102,4796835.121835346
2017-07-04 12:05:00,87516.35440110412,2336719.986724846,282,0.10283687943262411,5662817.70212766,0,26637.51384770742,1135185.994673355,117691.58422187637,726709.7384556876,43227.49310868267,1130445.559310282
2017-07-04 12:06:00,59135.10259461833,3868095.063101845,365,0.030136986301369864,5297958.802739726,0,87516.35440110412,2336719.986724846,26637.51384770742,1135185.994673355,117691.58422187637,726709.7384556876
2017-07-04 12:07:00,93679.8007796029,2886244.6800117698,130,0.023076923076923078,3173351.4615384615,0,59135.10259461833,3868095.063101845,87516.35440110412,2336719.986724846,26637.51384770742,1135185.994673355
2017-07-04 12:08:00,53528.624767926114,1802240.3094188408,157,0.03184713375796178,9563128.47133758,0,93679.8007796029,2886244.6800117698,59135.10259461833,3868095.063101845,87516.35440110412,2336719.986724846
2017-07-04 12:09:00,81202.91010872799,5904182.669937353,102,0.029411764705882353,3933512.8725490198,0,53528.624767926114,1802240.3094188408,93679.8007796029,2886244.6800117698,59135.10259461833,3868095.063101845
2017-07-04 12:10:00,43830.42000386638,992524.4329022458,340,0.03235294117647059,11405114.76764706,0,81202.91010872799,5904182.669937353,53528.624767926114,1802240.3094188408,93679.8007796029,2886244.6800117698
2017-07-04 12:11:00,49610.62299136621,2235868.9116210616,153,0.0392156862745098,3732379.274509804,0,43830.42000386638,992524.4329022458,81202.91010872799,5904182.669937353,53528.624767926114,1802240.3094188408
2017-07-04 12:12:00,63438.47774247116,4029137.7224082304,197,0.09644670050761421,6836769.609137055,0,49610.62299136621,2235868.9116210616,43830.42000386638,992524.4329022458,81202.91010872799,5904182.669937353
2017-07-04 12:13:00,86159.66080546433,241280.90529436126,159,0.08176100628930817,3802717.522012579,0,63438.47774247116,4029137.7224082304,49610.62299136621,2235868.9116210616,43830.42000386638,992524.4329022458
2017-07-04 12:14:00,100492.38054511015,10340592.851410361,128,0.0546875,6885914.96875,0,86159.66080546433,241280.90529436126,63438.47774247116,4029137.7224082304,49610.62299136621,2235868.9116210616
2017-07-04 12:15:00,35334.79944428302,935254.7008217276,569,0.012302284710017574,14762241.537785588,0,100492.38054511015,10340592.851410361,86159.66080546433,241280.90529436126,63438.47774247116,4029137.7224082304
2017-07-04 12:16:00,107395.25275382753,9227627.939355018,190,0.06315789473684211,6483915.468421052,0,35334.79944428302,935254.7008217276,100492.38054511015,10340592.851410361,86159.66080546433,241280.90529436126
2017-07-04 12:17:00,105732.29233299935,11395547.647740852,243,0.09053497942386832,2295438.7283950616,0,107395.25275382753,9227627.939355018,35334.79944428302,935254.7008217276,100492.38054511015,10340592.851410361
2017-07-04 12:18:00,91601.13123550898,9878530.644807158,102,0.14705882352941177,4927585.696078432,0,105732.29233299935,11395547.647740852,107395.25275382753,9227627.939355018,35334.79944428302,935254.7008217276
2017-07-04 12:19:00,72768.18695354524,2362274.036612222,148,0.0945945945945946,4824280.060810811,0,91601.13123550898,9878530.644807158,105732.29233299935,11395547.647740852,107395.25275382753,9227627.939355018
2017-07-04 12:20:00,77993.53991338842,1959526.2946065217,130,0.03076923076923077,2923640.446153846,0,72768.18695354524,2362274.036612222,91601.13123550898,9878530.644807158,105732.29233299935,11395547.647740852
2017-07-04 12:21:00,28017.55842050306,2228188.615486672,100,0.02,9253394.1,0,77993.53991338842,1959526.2946065217,72768.18695354524,2362274.036612222,91601.13123550898,9878530.644807158
2017-07-04 12:22:00,50967.09788761581,1299926.542489937,156,0.00641025641025641,2796078.378205128,0,28017.55842050306,2228188.615486672,77993.53991338842,1959526.2946065217,72768.18695354524,2362274.036612222
2017-07-04 12:23:00,74277.016833738,4913760.518401936,150,0.02666666666666667,4738779.926666667,0,50967.09788761581,1299926.542489937,28017.55842050306,2228188.615486672,77993.53991338842,1959526.2946065217
2017-07-04 12:24:00,38613.38003500787,1256628.4621654337,83,0.0,230192.4939759036,0,74277.016833738,4913760.518401936,50967.09788761581,1299926.542489937,28017.55842050306,2228188.615486672
2017-07-04 12:25:00,58244.30494579298,953933.8833834243,158,0.08860759493670886,5900674.018987342,0,38613.38003500787,1256628.4621654337,74277.016833738,4913760.518401936,50967.09788761581,1299926.542489937
2017-07-04 12:26:00,30291.10704581688,777475.3356872344,107,0.04672897196261682,1490490.5607476635,0,58244.30494579298,953933.8833834243,38613.38003500787,1256628.4621654337,74277.016833738,4913760.518401936
2017-07-04 12:27:00,63455.70473774946,6425571.2584791845,108,0.018518518518518517,6165957.935185186,0,30291.10704581688,777475.3356872344,58244.30494579298,953933.8833834243,38613.38003500787,1256628.4621654337
2017-07-04 12:28:00,33150.31407902363,5866900.689206706,236,0.029661016949152543,11328451.978813559,0,63455.70473774946,6425571.2584791845,30291.10704581688,777475.3356872344,58244.30494579298,953933.8833834243
2017-07-04 12:29:00,35440.33841595202,1925941.2762650321,655,0.025954198473282442,12214752.004580153,0,33150.31407902363,5866900.689206706,63455.70473774946,6425571.2584791845,30291.10704581688,777475.3356872344
2017-07-04 12:30:00,81563.3091745432,10995293.127861604,202,0.04455445544554455,6369598.099009901,0,35440.33841595202,1925941.2762650321,33150.31407902363,5866900.689206706,63455.70473774946,6425571.2584791845
2017-07-04 12:31:00,83931.1592852419,900933.4655069278,193,0.08808290155440414,9502430.74611399,0,81563.3091745432,10995293.127861604,35440.33841595202,1925941.2762650321,33150.31407902363,5866900.689206706
2017-07-04 12:32:00,42990.50033329126,723471.6815757019,728,0.054945054945054944,13551069.589285715,0,83931.1592852419,900933.4655069278,81563.3091745432,10995293.127861604,35440.33841595202,1925941.2762650321
2017-07-04 12:33:00,62279.60172865055,1328579.5883356372,209,0.0430622009569378,5970230.918660287,0,42990.50033329126,723471.6815757019,83931.1592852419,900933.4655069278,81563.3091745432,10995293.127861604
2017-07-04 12:34:00,56832.37310765622,1085829.5724242274,123,0.04878048780487805,3661915.5934959347,0,62279.60172865055,1328579.5883356372,42990.50033329126,723471.6815757019,83931.1592852419,900933.4655069278
2017-07-04 12:35:00,100100.71109839057,2452095.4421736784,170,0.1,7397976.070588236,0,56832.37310765622,1085829.5724242274,62279.60172865055,1328579.5883356372,42990.50033329126,723471.6815757019
2017-07-04 12:36:00,85726.27441316408,5757819.423443655,110,0.03636363636363636,5845464.018181819,0,100100.71109839057,2452095.4421736784,56832.37310765622,1085829.5724242274,62279.60172865055,1328579.5883356372
2017-07-04 12:37:00,23718.763358028515,576202.1598096363,124,0.0,8918085.58064516,0,85726.27441316408,5757819.423443655,100100.71109839057,2452095.4421736784,56832.37310765622,1085829.5724242274
2017-07-04 12:38:00,47700.5376583336,6699294.596129566,181,0.022099447513812154,2537370.497237569,0,23718.763358028515,576202.1598096363,85726.27441316408,5757819.423443655,100100.71109839057,2452095.4421736784
2017-07-04 12:39:00,50842.34220936422,965635.7090624915,159,0.0880503144654088,5547749.427672956,0,47700.5376583336,6699294.596129566,23718.763358028515,576202.1598096363,85726.27441316408,5757819.423443655
2017-07-04 12:40:00,50271.53102025541,2258062.4671635907,106,0.03773584905660377,5485286.028301887,0,50842.34220936422,965635.7090624915,47700.5376583336,6699294.596129566,23718.763358028515,576202.1598096363
2017-07-04 12:41:00,40472.54474107123,2372923.9995206995,138,0.014492753623188406,6040576.811594203,0,50271.53102025541,2258062.4671635907,50842.34220936422,965635.7090624915,47700.5376583336,6699294.596129566
2017-07-04 12:42:00,37537.43267308323,427283.024960638,847,0.011806375442739079,24276393.722550176,0,40472.54474107123,2372923.9995206995,50271.53102025541,2258062.4671635907,50842.34220936422,965635.7090624915
2017-07-04 12:43:00,44189.06795018671,3410343.902821561,792,0.016414141414141416,14634995.493686868,0,37537.43267308323,427283.024960638,40472.54474107123,2372923.9995206995,50271.53102025541,2258062.4671635907
2017-07-04 12:44:00,139543.36180932986,6907076.835219041,371,0.16981132075471697,5567117.892183288,0,44189.06795018671,3410343.902821561,37537.43267308323,427283.024960638,40472.54474107123,2372923.9995206995
2017-07-04 12:45:00,111089.69013496088,2051644.5302865475,252,0.11507936507936507,8451041.03968254,0,139543.36180932986,6907076.835219041,44189.06795018671,3410343.902821561,37537.43267308323,427283.024960638
2017-07-04 12:46:00,46806.62607573822,444984.26615884603,160,0.0875,9514486.11875,0,111089.69013496088,2051644.5302865475,139543.36180932986,6907076.835219041,44189.06795018671,3410343.902821561
2017-07-04 12:47:00,23693.749534366067,1059636.2785251983,742,0.009433962264150943,3036722.2264150945,0,46806.62607573822,444984.26615884603,111089.69013496088,2051644.5302865475,139543.36180932986,6907076.835219041
2017-07-04 12:48:00,75592.11683469838,1189847.4420204319,94,0.0851063829787234,3888249.5531914895,0,23693.749534366067,1059636.2785251983,46806.62607573822,444984.26615884603,111089.69013496088,2051644.5302865475
2017-07-04 12:49:00,32957.301218231056,1240919.8291425023,118,0.01694915254237288,11272798.576271186,0,75592.11683469838,1189847.4420204319,23693.749534366067,1059636.2785251983,46806.62607573822,444984.26615884603
2017-07-04 12:50:00,39933.268374548614,2185479.574285644,332,0.04216867469879518,7159156.198795181,0,32957.301218231056,1240919.8291425023,75592.11683469838,1189847.4420204319,23693.749534366067,1059636.2785251983
2017-07-04 12:51:00,109581.64555462118,6475404.771996684,191,0.031413612565445025,5950417.780104712,0,39933.268374548614,2185479.574285644,32957.301218231056,1240919.8291425023,75592.11683469838,1189847.4420204319
2017-07-04 12:52:00,87493.1735193521,1668836.5875199991,215,0.07906976744186046,3951861.6279069767,0,109581.64555462118,6475404.771996684,39933.268374548614,2185479.574285644,32957.301218231056,1240919.8291425023
2017-07-04 12:53:00,46096.260684097375,1917595.6458458574,218,0.03211009174311927,5099232.5275229355,0,87493.1735193521,1668836.5875199991,109581.64555462118,6475404.771996684,39933.268374548614,2185479.574285644
2017-07-04 12:54:00,54001.85046800104,1783108.783112024,115,0.008695652173913044,7190996.139130435,0,46096.260684097375,1917595.6458458574,87493.1735193521,1668836.5875199991,109581.64555462118,6475404.771996684
2017-07-04 12:55:00,67462.69146494308,1993048.8443915814,202,0.024752475247524754,1857566.202970297,0,54001.85046800104,1783108.783112024,46096.260684097375,1917595.6458458574,87493.1735193521,1668836.5875199991
2017-07-04 12:56:00,35585.781003115786,1614466.9585285878,1255,0.026294820717131476,12295543.656573705,0,67462.69146494308,1993048.8443915814,54001.85046800104,1783108.783112024,46096.260684097375,1917595.6458458574
2017-07-04 12:57:00,45404.37267760757,5744127.737396827,161,0.024844720496894408,5999456.9130434785,0,35585.781003115786,1614466.9585285878,67462.69146494308,1993048.8443915814,54001.85046800104,1783108.783112024
2017-07-04 12:58:00,96544.64667810565,3207983.636454741,293,0.1296928327645051,5158139.535836178,0,45404.37267760757,5744127.737396827,35585.781003115786,1614466.9585285878,67462.69146494308,1993048.8443915814
2017-07-04 12:59:00,66526.42754307906,1777967.9362377578,548,0.08029197080291971,7030798.4142335765,0,96544.64667810565,3207983.636454741,45404.37267760757,5744127.737396827,35585.781003115786,1614466.9585285878
2017-07-05 01:00:00,112227.1656926545,1384669.852938752,449,0.13808463251670378,10463104.527839644,0,66526.42754307906,1777967.9362377578,96544.64667810565,3207983.636454741,45404.37267760757,5744127.737396827
2017-07-05 01:01:00,70290.34736973332,9441785.558943173,149,0.053691275167785234,6102209.44295302,0,112227.1656926545,1384669.852938752,66526.42754307906,1777967.9362377578,96544.64667810565,3207983.636454741
2017-07-05 01:02:00,134845.37500765332,6784431.73387658,99,0.16161616161616163,12678230.707070706,0,70290.34736973332,9441785.558943173,112227.1656926545,1384669.852938752,66526.42754307906,1777967.9362377578
2017-07-05 01:03:00,182659.30871248397,5751741.092884283,277,0.09025270758122744,6858179.397111913,0,134845.37500765332,6784431.73387658,70290.34736973332,9441785.558943173,112227.1656926545,1384669.852938752
2017-07-05 01:04:00,70500.88202880409,3051105.3141271076,143,0.02097902097902098,10716991.104895106,0,182659.30871248397,5751741.092884283,134845.37500765332,6784431.73387658,70290.34736973332,9441785.558943173
2017-07-05 01:05:00,48242.27399501079,1423142.931466984,1564,0.023657289002557546,10749839.808184143,0,70500.88202880409,3051105.3141271076,182659.30871248397,5751741.092884283,134845.37500765332,6784431.73387658
2017-07-05 01:06:00,53637.507766417584,1208107.2898423683,146,0.0136986301369863,7309592.712328767,0,48242.27399501079,1423142.931466984,70500.88202880409,3051105.3141271076,182659.30871248397,5751741.092884283
2017-07-05 01:07:00,83998.14363702059,3644469.148888239,237,0.07172995780590717,6504271.936708861,0,53637.507766417584,1208107.2898423683,48242.27399501079,1423142.931466984,70500.88202880409,3051105.3141271076
2017-07-05 01:08:00,53642.89469062819,3028297.365405045,821,0.0535931790499391,15000304.490864798,0,83998.14363702059,3644469.148888239,53637.507766417584,1208107.2898423683,48242.27399501079,1423142.931466984
2017-07-05 01:09:00,105384.38174702802,1276933.1731387926,333,0.057057057057057055,18614785.840840843,0,53642.89469062819,3028297.365405045,83998.14363702059,3644469.148888239,53637.507766417584,1208107.2898423683
2017-07-05 01:10:00,71710.94434646166,1930397.5608040714,824,0.05218446601941747,12739798.870145632,0,105384.38174702802,1276933.1731387926,53642.89469062819,3028297.365405045,83998.14363702059,3644469.148888239
2017-07-05 01:11:00,74807.58482715735,1337613.6176599385,1067,0.05529522024367385,10654932.325210871,0,71710.94434646166,1930397.5608040714,105384.38174702802,1276933.1731387926,53642.89469062819,3028297.365405045
2017-07-05 01:12:00,58067.00397505948,445488.54382500466,404,0.04950495049504951,5500744.933168317,0,74807.58482715735,1337613.6176599385,71710.94434646166,1930397.5608040714,105384.38174702802,1276933.1731387926
2017-07-05 01:13:00,86814.81511026275,2937340.953394465,545,0.12844036697247707,15516677.535779817,0,58067.00397505948,445488.54382500466,74807.58482715735,1337613.6176599385,71710.94434646166,1930397.5608040714
2017-07-05 01:14:00,42448.7649044734,770646.947715172,2280,0.035526315789473684,14105972.71140351,0,86814.81511026275,2937340.953394465,58067.00397505948,445488.54382500466,74807.58482715735,1337613.6176599385
2017-07-05 01:15:00,48651.79689177277,2248871.164929404,1278,0.03051643192488263,11225525.838810641,0,42448.7649044734,770646.947715172,86814.81511026275,2937340.953394465,58067.00397505948,445488.54382500466
2017-07-05 01:16:00,82886.50857499725,1230371.8965824444,849,0.08716136631330977,6633428.678445229,0,48651.79689177277,2248871.164929404,42448.7649044734,770646.947715172,86814.81511026275,2937340.953394465
2017-07-05 01:17:00,45395.6326003645,864262.1269441069,1665,0.058258258258258255,14364843.31891892,0,82886.50857499725,1230371.8965824444,48651.79689177277,2248871.164929404,42448.7649044734,770646.947715172
2017-07-05 01:18:00,38856.272268236826,1137667.833537054,721,0.024965325936199722,15616296.632454924,0,45395.6326003645,864262.1269441069,82886.50857499725,1230371.8965824444,48651.79689177277,2248871.164929404
2017-07-05 01:19:00,68170.91477958066,1863811.1011477024,841,0.03804994054696789,12150971.161712248,0,38856.272268236826,1137667.833537054,45395.6326003645,864262.1269441069,82886.50857499725,1230371.8965824444
2017-07-05 01:20:00,69011.27191335127,2207644.760021362,530,0.07358490566037736,6701635.941509434,0,68170.91477958066,1863811.1011477024,38856.272268236826,1137667.833537054,45395.6326003645,864262.1269441069
2017-07-05 01:21:00,30678.88304406777,546720.8352367688,1266,0.02527646129541864,20387547.166666668,0,69011.27191335127,2207644.760021362,68170.91477958066,1863811.1011477024,38856.272268236826,1137667.833537054
2017-07-05 01:22:00,78796.52215265845,3804382.4694830286,545,0.04954128440366973,9043704.52293578,0,30678.88304406777,546720.8352367688,69011.27191335127,2207644.760021362,68170.91477958066,1863811.1011477024
2017-07-05 01:23:00,63036.532392213994,2352289.7967797066,1375,0.04072727272727273,13352663.433454545,0,78796.52215265845,3804382.4694830286,30678.88304406777,546720.8352367688,69011.27191335127,2207644.760021362
2017-07-05 01:24:00,63564.719884289116,3776483.6840409953,583,0.09433962264150944,13280858.217838764,0,63036.532392213994,2352289.7967797066,78796.52215265845,3804382.4694830286,30678.88304406777,546720.8352367688
2017-07-05 01:25:00,110994.96957312236,2327632.770292657,279,0.05734767025089606,12399784.197132617,0,63564.719884289116,3776483.6840409953,63036.532392213994,2352289.7967797066,78796.52215265845,3804382.4694830286
2017-07-05 01:26:00,52574.89991471588,4687763.1647513285,942,0.09235668789808917,16763841.630573248,0,110994.96957312236,2327632.770292657,63564.719884289116,3776483.6840409953,63036.532392213994,2352289.7967797066
2017-07-05 01:27:00,30353.467711835056,1624074.9857640513,1751,0.03597944031981725,10382488.768703599,0,52574.89991471588,4687763.1647513285,110994.96957312236,2327632.770292657,63564.719884289116,3776483.6840409953
2017-07-05 01:28:00,69835.59597880744,3432055.552574655,609,0.10673234811165845,3594137.65681445,0,30353.467711835056,1624074.9857640513,52574.89991471588,4687763.1647513285,110994.96957312236,2327632.770292657
2017-07-05 01:29:00,120702.46185079112,2595799.7188681667,174,0.20689655172413793,6680259.25862069,0,69835.59597880744,3432055.552574655,30353.467711835056,1624074.9857640513,52574.89991471588,4687763.1647513285
2017-07-05 01:30:00,52307.280371218316,2457841.766217997,1153,0.04856895056374675,17504222.908065915,0,120702.46185079112,2595799.7188681667,69835.59597880744,3432055.552574655,30353.467711835056,1624074.9857640513
2017-07-05 01:31:00,55413.76320341762,7552542.72513875,241,0.02074688796680498,12198213.717842324,0,52307.280371218316,2457841.766217997,120702.46185079112,2595799.7188681667,69835.59597880744,3432055.552574655
2017-07-05 01:32:00,30757.675370764537,654705.5948677748,1855,0.0215633423180593,11086337.015633423,0,55413.76320341762,7552542.72513875,52307.280371218316,2457841.766217997,120702.46185079112,2595799.7188681667
2017-07-05 01:33:00,61857.01190864045,2920166.1658873865,440,0.05909090909090909,10802106.01590909,0,30757.675370764537,654705.5948677748,55413.76320341762,7552542.72513875,52307.280371218316,2457841.766217997
2017-07-05 01:34:00,46364.96021176686,713475.3300130208,735,0.04353741496598639,15383957.246258503,0,61857.01190864045,2920166.1658873865,30757.675370764537,654705.5948677748,55413.76320341762,7552542.72513875
2017-07-05 01:35:00,97715.87981418283,7907285.77008801,521,0.09596928982725528,10978711.61228407,0,46364.96021176686,713475.3300130208,61857.01190864045,2920166.1658873865,30757.675370764537,654705.5948677748
2017-07-05 01:36:00,46983.96885360099,521478.8589323879,1263,0.027711797307996833,16744020.354711005,0,97715.87981418283,7907285.77008801,46364.96021176686,713475.3300130208,61857.01190864045,2920166.1658873865
2017-07-05 01:37:00,54659.044521283795,1248423.7272706274,759,0.06587615283267458,11088853.913043479,0,46983.96885360099,521478.8589323879,97715.87981418283,7907285.77008801,46364.96021176686,713475.3300130208
2017-07-05 01:38:00,182946.27798228973,3691155.6607441395,283,0.14840989399293286,8152217.565371024,0,54659.044521283795,1248423.7272706274,46983.96885360099,521478.8589323879,97715.87981418283,7907285.77008801
2017-07-05 01:39:00,53685.09493461682,991523.0338190758,427,0.07728337236533958,15737282.880562061,0,182946.27798228973,3691155.6607441395,54659.044521283795,1248423.7272706274,46983.96885360099,521478.8589323879
2017-07-05 01:40:00,116288.03756886443,9820623.088071926,383,0.09138381201044386,10858375.68146214,0,53685.09493461682,991523.0338190758,182946.27798228973,3691155.6607441395,54659.044521283795,1248423.7272706274
2017-07-05 01:41:00,42438.87847879864,1466768.8486345275,1191,0.02434928631402183,14899841.144416457,0,116288.03756886443,9820623.088071926,53685.09493461682,991523.0338190758,182946.27798228973,3691155.6607441395
2017-07-05 01:42:00,114972.38906903725,3819736.387122235,210,0.11904761904761904,6330018.090476191,0,42438.87847879864,1466768.8486345275,116288.03756886443,9820623.088071926,53685.09493461682,991523.0338190758
2017-07-05 01:43:00,88466.89881502408,1492419.3025990587,552,0.10144927536231885,14298998.47826087,0,114972.38906903725,3819736.387122235,42438.87847879864,1466768.8486345275,116288.03756886443,9820623.088071926
2017-07-05 01:44:00,34490.97649936076,953440.4776145376,1611,0.03600248292985723,12933647.175667288,0,88466.89881502408,1492419.3025990587,114972.38906903725,3819736.387122235,42438.87847879864,1466768.8486345275
2017-07-05 01:45:00,82957.23351256798,3013181.9402737413,809,0.07416563658838071,15977328.16934487,0,34490.97649936076,953440.4776145376,88466.89881502408,1492419.3025990587,114972.38906903725,3819736.387122235
2017-07-05 01:46:00,55064.09012449296,3628250.8546402133,1098,0.0610200364298725,14549198.507285975,0,82957.23351256798,3013181.9402737413,34490.97649936076,953440.4776145376,88466.89881502408,1492419.3025990587
2017-07-05 01:47:00,73291.0196994932,1026190.0899581036,1205,0.06639004149377593,8455372.458921162,0,55064.09012449296,3628250.8546402133,82957.23351256798,3013181.9402737413,34490.97649936076,953440.4776145376
2017-07-05 01:48:00,97875.82772042215,1145101.7047197875,640,0.078125,12747726.2046875,0,73291.0196994932,1026190.0899581036,55064.09012449296,3628250.8546402133,82957.23351256798,3013181.9402737413
2017-07-05 01:49:00,55552.52772442008,1878544.4998960972,992,0.06955645161290322,9171102.0625,0,97875.82772042215,1145101.7047197875,73291.0196994932,1026190.0899581036,55064.09012449296,3628250.8546402133
2017-07-05 01:50:00,51788.154571747,916988.0334107983,856,0.07710280373831775,16564170.262850467,0,55552.52772442008,1878544.4998960972,97875.82772042215,1145101.7047197875,73291.0196994932,1026190.0899581036
2017-07-05 01:51:00,51075.61218108573,1502827.3987507157,1298,0.06317411402157165,12558607.35285054,0,51788.154571747,916988.0334107983,55552.52772442008,1878544.4998960972,97875.82772042215,1145101.7047197875
2017-07-05 01:52:00,75713.19008103867,3120398.4834747044,574,0.05749128919860627,10288800.991289198,0,51075.61218108573,1502827.3987507157,51788.154571747,916988.0334107983,55552.52772442008,1878544.4998960972
2017-07-05 01:53:00,65119.64382923539,1976719.4986933623,894,0.05704697986577181,13074175.072706936,0,75713.19008103867,3120398.4834747044,51075.61218108573,1502827.3987507157,51788.154571747,916988.0334107983
2017-07-05 01:54:00,45831.87851023414,654185.6826666851,1211,0.05615194054500413,13322231.684558216,0,65119.64382923539,1976719.4986933623,75713.19008103867,3120398.4834747044,51075.61218108573,1502827.3987507157
2017-07-05 01:55:00,65139.45661846289,1244178.3119194442,1095,0.058447488584474884,10424929.948858447,0,45831.87851023414,654185.6826666851,65119.64382923539,1976719.4986933623,75713.19008103867,3120398.4834747044
2017-07-05 01:56:00,86359.02196080632,1201965.5925958566,279,0.0931899641577061,9471129.222222222,0,65139.45661846289,1244178.3119194442,45831.87851023414,654185.6826666851,65119.64382923539,1976719.4986933623
2017-07-05 01:57:00,50880.84291521072,4201245.309315631,980,0.03877551020408163,12847168.404081633,0,86359.02196080632,1201965.5925958566,65139.45661846289,1244178.3119194442,45831.87851023414,654185.6826666851
2017-07-05 01:58:00,119716.4873949314,7053062.024235664,326,0.07668711656441718,7702298.392638037,0,50880.84291521072,4201245.309315631,86359.02196080632,1201965.5925958566,65139.45661846289,1244178.3119194442
2017-07-05 01:59:00,44850.93101574655,1519454.45914392,2275,0.03076923076923077,8101141.624175824,0,119716.4873949314,7053062.024235664,50880.84291521072,4201245.309315631,86359.02196080632,1201965.5925958566
2017-07-05 02:00:00,67063.51655548549,3784839.6783175785,691,0.049204052098408106,10398571.0,0,44850.93101574655,1519454.45914392,119716.4873949314,7053062.024235664,50880.84291521072,4201245.309315631
2017-07-05 02:01:00,64103.84806612485,1238768.143811308,684,0.0891812865497076,14941698.774853801,0,67063.51655548549,3784839.6783175785,44850.93101574655,1519454.45914392,119716.4873949314,7053062.024235664
2017-07-05 02:02:00,68766.27230716008,3024958.1886550803,1368,0.0577485380116959,11854121.0124269,0,64103.84806612485,1238768.143811308,67063.51655548549,3784839.6783175785,44850.93101574655,1519454.45914392
2017-07-05 02:03:00,67983.97439061062,2397354.062163124,536,0.06716417910447761,13242055.289179105,0,68766.27230716008,3024958.1886550803,64103.84806612485,1238768.143811308,67063.51655548549,3784839.6783175785
2017-07-05 02:04:00,37564.852505875206,1332933.5723654456,1586,0.04287515762925599,14580353.182849936,0,67983.97439061062,2397354.062163124,68766.27230716008,3024958.1886550803,64103.84806612485,1238768.143811308
2017-07-05 02:05:00,84570.99914749444,1755979.8282256976,1003,0.058823529411764705,7872143.8295114655,0,37564.852505875206,1332933.5723654456,67983.97439061062,2397354.062163124,68766.27230716008,3024958.1886550803
2017-07-05 02:06:00,114808.01708113527,2271092.713758558,467,0.07922912205567452,5344422.51391863,0,84570.99914749444,1755979.8282256976,37564.852505875206,1332933.5723654456,67983.97439061062,2397354.062163124
2017-07-05 02:07:00,73455.71657455219,2121046.19309142,544,0.09926470588235294,13750156.87132353,0,114808.01708113527,2271092.713758558,84570.99914749444,1755979.8282256976,37564.852505875206,1332933.5723654456
2017-07-05 02:08:00,139026.38272499238,1390053.0550625096,238,0.15966386554621848,7003535.075630252,0,73455.71657455219,2121046.19309142,114808.01708113527,2271092.713758558,84570.99914749444,1755979.8282256976
2017-07-05 02:09:00,58937.57071377666,2148608.6393218394,1981,0.03180212014134275,15592653.715295305,0,139026.38272499238,1390053.0550625096,73455.71657455219,2121046.19309142,114808.01708113527,2271092.713758558
2017-07-05 02:10:00,71454.90880158078,1693390.5275995552,1295,0.03552123552123552,9723192.998455599,0,58937.57071377666,2148608.6393218394,139026.38272499238,1390053.0550625096,73455.71657455219,2121046.19309142
2017-07-05 02:11:00,91509.4686153609,4504123.72022015,1134,0.0855379188712522,12598374.108465608,0,71454.90880158078,1693390.5275995552,58937.57071377666,2148608.6393218394,139026.38272499238,1390053.0550625096
2017-07-05 02:12:00,125280.93544890817,2309603.6902662492,699,0.12303290414878398,7959371.467811159,0,91509.4686153609,4504123.72022015,71454.90880158078,1693390.5275995552,58937.57071377666,2148608.6393218394
2017-07-05 02:13:00,59341.09805966872,3039107.398778912,1805,0.0520775623268698,12175305.304155124,0,125280.93544890817,2309603.6902662492,91509.4686153609,4504123.72022015,71454.90880158078,1693390.5275995552
2017-07-05 02:14:00,146931.5512790059,3258671.4795819204,567,0.1111111111111111,7191160.611992945,0,59341.09805966872,3039107.398778912,125280.93544890817,2309603.6902662492,91509.4686153609,4504123.72022015
2017-07-05 02:15:00,65641.93694007608,1790517.4816689922,1650,0.055757575757575756,14421598.706666667,0,146931.5512790059,3258671.4795819204,59341.09805966872,3039107.398778912,125280.93544890817,2309603.6902662492
2017-07-05 02:16:00,69004.82562762304,4201459.047221274,705,0.07092198581560284,10353785.69929078,0,65641.93694007608,1790517.4816689922,146931.5512790059,3258671.4795819204,59341.09805966872,3039107.398778912
2017-07-05 02:17:00,58976.28119957302,1394204.0727215628,1472,0.041440217391304345,15946822.405570652,0,69004.82562762304,4201459.047221274,65641.93694007608,1790517.4816689922,146931.5512790059,3258671.4795819204
2017-07-05 02:18:00,69488.01235204285,2762230.82929291,1167,0.07883461868037704,11706083.846615253,0,58976.28119957302,1394204.0727215628,69004.82562762304,4201459.047221274,65641.93694007608,1790517.4816689922
2017-07-05 02:19:00,89334.7270911521,1723634.3070767724,1174,0.09454855195911414,9499415.49403748,0,69488.01235204285,2762230.82929291,58976.28119957302,1394204.0727215628,69004.82562762304,4201459.047221274
2017-07-05 02:20:00,145487.55783174012,5036593.738618149,614,0.13192182410423453,8090503.866449512,0,89334.7270911521,1723634.3070767724,69488.01235204285,2762230.82929291,58976.28119957302,1394204.0727215628
2017-07-05 02:21:00,98064.56500330668,1225583.3130688914,896,0.07589285714285714,10692277.575892856,0,145487.55783174012,5036593.738618149,89334.7270911521,1723634.3070767724,69488.01235204285,2762230.82929291
2017-07-05 02:22:00,72747.82479735023,2715757.668254596,1354,0.05243722304283604,7017480.370014771,0,98064.56500330668,1225583.3130688914,145487.55783174012,5036593.738618149,89334.7270911521,1723634.3070767724
2017-07-05 02:23:00,261923.75521786528,6362193.723940755,339,0.20648967551622419,1937444.4336283186,0,72747.82479735023,2715757.668254596,98064.56500330668,1225583.3130688914,145487.55783174012,5036593.738618149
2017-07-05 02:24:00,79073.16608428098,3011607.881403477,410,0.046341463414634146,8895983.234146342,2,261923.75521786528,6362193.723940755,72747.82479735023,2715757.668254596,98064.56500330668,1225583.3130688914
2017-07-05 02:25:00,58227.23920834665,1166413.4587561076,1774,0.037767756482525366,11504565.672491545,2,79073.16608428098,3011607.881403477,261923.75521786528,6362193.723940755,72747.82479735023,2715757.668254596
2017-07-05 02:26:00,48994.291293307986,1760064.8226093838,721,0.03744798890429958,10667357.762829404,0,58227.23920834665,1166413.4587561076,79073.16608428098,3011607.881403477,261923.75521786528,6362193.723940755
2017-07-05 02:27:00,98071.29160201816,3298348.8104000427,695,0.10647482014388489,10106707.368345324,0,48994.291293307986,1760064.8226093838,58227.23920834665,1166413.4587561076,79073.16608428098,3011607.881403477
2017-07-05 02:28:00,97489.5426521977,2706766.556638136,496,0.10483870967741936,8769017.608870968,0,98071.29160201816,3298348.8104000427,48994.291293307986,1760064.8226093838,58227.23920834665,1166413.4587561076
2017-07-05 02:29:00,72714.84609348707,3579889.527979062,1366,0.057833089311859445,11782162.114934115,0,97489.5426521977,2706766.556638136,98071.29160201816,3298348.8104000427,48994.291293307986,1760064.8226093838
2017-07-05 02:30:00,28600.545940256245,1036720.7541912306,3727,0.02012342366514623,16815037.025757983,0,72714.84609348707,3579889.527979062,97489.5426521977,2706766.556638136,98071.29160201816,3298348.8104000427
2017-07-05 02:31:00,28801.17227412999,1476383.5758477123,4114,0.013125911521633447,10066336.77053962,0,28600.545940256245,1036720.7541912306,72714.84609348707,3579889.527979062,97489.5426521977,2706766.556638136
2017-07-05 02:32:00,42254.098593418435,831306.2711843591,2184,0.028388278388278388,10157582.093406593,0,28801.17227412999,1476383.5758477123,28600.545940256245,1036720.7541912306,72714.84609348707,3579889.527979062
2017-07-05 02:33:00,86572.12197597358,2258386.7812134405,835,0.05748502994011976,6182617.580838324,0,42254.098593418435,831306.2711843591,28801.17227412999,1476383.5758477123,28600.545940256245,1036720.7541912306
2017-07-05 02:34:00,73821.64453260534,1335991.9426963406,1287,0.06371406371406371,12599319.632478632,0,86572.12197597358,2258386.7812134405,42254.098593418435,831306.2711843591,28801.17227412999,1476383.5758477123
2017-07-05 02:35:00,40541.37868536704,714553.0381561611,2462,0.02843216896831844,12945507.690495532,0,73821.64453260534,1335991.9426963406,86572.12197597358,2258386.7812134405,42254.098593418435,831306.2711843591
2017-07-05 02:36:00,105342.68042898456,3029949.4345875364,970,0.05979381443298969,8109007.060824743,0,40541.37868536704,714553.0381561611,73821.64453260534,1335991.9426963406,86572.12197597358,2258386.7812134405
2017-07-05 02:37:00,79208.77587126076,1073879.6925784484,834,0.05875299760191847,6276819.419664268,0,105342.68042898456,3029949.4345875364,40541.37868536704,714553.0381561611,73821.64453260534,1335991.9426963406
2017-07-05 02:38:00,99911.584494337,2885009.3556434982,579,0.1226252158894646,5909676.174438687,0,79208.77587126076,1073879.6925784484,105342.68042898456,3029949.4345875364,40541.37868536704,714553.0381561611
2017-07-05 02:39:00,70790.74069776422,2420326.512487926,769,0.044213263979193757,6092226.547464239,0,99911.584494337,2885009.3556434982,79208.77587126076,1073879.6925784484,105342.68042898456,3029949.4345875364
2017-07-05 02:40:00,71942.34070253189,3013671.432926645,673,0.04309063893016345,7740592.2763744425,0,70790.74069776422,2420326.512487926,99911.584494337,2885009.3556434982,79208.77587126076,1073879.6925784484
2017-07-05 02:41:00,49601.70652202451,2178737.1412047045,773,0.02199223803363519,9996280.201811126,0,71942.34070253189,3013671.432926645,70790.74069776422,2420326.512487926,99911.584494337,2885009.3556434982
2017-07-05 02:42:00,59394.31137748271,2832953.988054735,783,0.021711366538952746,7266817.842911878,0,49601.70652202451,2178737.1412047045,71942.34070253189,3013671.432926645,70790.74069776422,2420326.512487926
2017-07-05 02:43:00,45354.31576089805,1677946.3728367367,1175,0.03404255319148936,11630264.69106383,0,59394.31137748271,2832953.988054735,49601.70652202451,2178737.1412047045,71942.34070253189,3013671.432926645
2017-07-05 02:44:00,34099.31744284389,648379.093877032,2019,0.02030708271421496,13782805.517582962,0,45354.31576089805,1677946.3728367367,59394.31137748271,2832953.988054735,49601.70652202451,2178737.1412047045
2017-07-05 02:45:00,107430.41289823511,5624284.492630271,598,0.043478260869565216,8566316.635451505,0,34099.31744284389,648379.093877032,45354.31576089805,1677946.3728367367,59394.31137748271,2832953.988054735
2017-07-05 02:46:00,141146.49920997742,2694402.527662533,690,0.10434782608695652,7034277.384057971,0,107430.41289823511,5624284.492630271,34099.31744284389,648379.093877032,45354.31576089805,1677946.3728367367
2017-07-05 02:47:00,49213.55503867783,2458929.6045791456,1266,0.06714060031595577,14238745.342022117,0,141146.49920997742,2694402.527662533,107430.41289823511,5624284.492630271,34099.31744284389,648379.093877032
2017-07-05 02:48:00,47731.03373470663,2887662.0390976314,489,0.028629856850715747,6887281.787321064,0,49213.55503867783,2458929.6045791456,141146.49920997742,2694402.527662533,107430.41289823511,5624284.492630271
2017-07-05 02:49:00,78276.10922099983,1381152.6881086575,891,0.04377104377104377,11045379.134680135,0,47731.03373470663,2887662.0390976314,49213.55503867783,2458929.6045791456,141146.49920997742,2694402.527662533
2017-07-05 02:50:00,74815.48368005111,3108620.8043347187,585,0.041025641025641026,6382494.709401709,0,78276.10922099983,1381152.6881086575,47731.03373470663,2887662.0390976314,49213.55503867783,2458929.6045791456
2017-07-05 02:51:00,47214.874684923576,1345782.6739746383,1106,0.034358047016274866,12995400.236889692,0,74815.48368005111,3108620.8043347187,78276.10922099983,1381152.6881086575,47731.03373470663,2887662.0390976314
2017-07-05 02:52:00,59053.32945077045,2018143.6383894936,926,0.04859611231101512,11946467.870410368,0,47214.874684923576,1345782.6739746383,74815.48368005111,3108620.8043347187,78276.10922099983,1381152.6881086575
2017-07-05 02:53:00,56744.107148965675,1628924.8386835016,1064,0.05545112781954887,14655408.690789474,0,59053.32945077045,2018143.6383894936,47214.874684923576,1345782.6739746383,74815.48368005111,3108620.8043347187
2017-07-05 02:54:00,64659.25094215971,1814562.299219596,883,0.03397508493771234,9800334.227633068,0,56744.107148965675,1628924.8386835016,59053.32945077045,2018143.6383894936,47214.874684923576,1345782.6739746383
2017-07-05 02:55:00,99640.75026480157,1559224.1699599535,689,0.08127721335268505,9157900.941944847,0,64659.25094215971,1814562.299219596,56744.107148965675,1628924.8386835016,59053.32945077045,2018143.6383894936
2017-07-05 02:56:00,146216.4772149523,6887091.43675158,282,0.16666666666666666,4309618.187943262,0,99640.75026480157,1559224.1699599535,64659.25094215971,1814562.299219596,56744.107148965675,1628924.8386835016
2017-07-05 02:57:00,53221.78684855882,5445883.9580445895,709,0.08744710860366714,12785432.65303244,0,146216.4772149523,6887091.43675158,99640.75026480157,1559224.1699599535,64659.25094215971,1814562.299219596
2017-07-05 02:58:00,107402.98114333593,8298195.722634038,302,0.07947019867549669,6207264.023178808,0,53221.78684855882,5445883.9580445895,146216.4772149523,6887091.43675158,99640.75026480157,1559224.1699599535
2017-07-05 02:59:00,27330.280035770033,1250013.5318269236,773,0.0129366106080207,16946606.641655885,0,107402.98114333593,8298195.722634038,53221.78684855882,5445883.9580445895,146216.4772149523,6887091.43675158
2017-07-05 03:00:00,87475.45408021877,5832038.13014008,455,0.07032967032967033,15940425.494505495,0,27330.280035770033,1250013.5318269236,107402.98114333593,8298195.722634038,53221.78684855882,5445883.9580445895
2017-07-05 03:01:00,175170.5626460613,11378714.081070526,265,0.10943396226415095,6258664.701886793,0,87475.45408021877,5832038.13014008,27330.280035770033,1250013.5318269236,107402.98114333593,8298195.722634038
2017-07-05 03:02:00,30910.657078022494,640123.6261497522,984,0.02540650406504065,10219459.914634146,0,175170.5626460613,11378714.081070526,87475.45408021877,5832038.13014008,27330.280035770033,1250013.5318269236
2017-07-05 03:03:00,35558.21497112504,1552109.0288515713,276,0.03985507246376811,8437299.163043479,0,30910.657078022494,640123.6261497522,175170.5626460613,11378714.081070526,87475.45408021877,5832038.13014008
2017-07-05 03:04:00,41493.89532124671,1273598.6554664804,499,0.03006012024048096,12359514.875751503,0,35558.21497112504,1552109.0288515713,30910.657078022494,640123.6261497522,175170.5626460613,11378714.081070526
2017-07-05 03:05:00,106922.49707246396,7862822.664103044,178,0.1348314606741573,6107962.9662921345,0,41493.89532124671,1273598.6554664804,35558.21497112504,1552109.0288515713,30910.657078022494,640123.6261497522
2017-07-05 03:06:00,53432.86229816705,3061926.6589339925,1205,0.04149377593360996,11507741.769294607,0,106922.49707246396,7862822.664103044,41493.89532124671,1273598.6554664804,35558.21497112504,1552109.0288515713
2017-07-05 03:07:00,68408.45878991447,4175045.3667603256,2108,0.07969639468690702,11462105.671726756,0,53432.86229816705,3061926.6589339925,106922.49707246396,7862822.664103044,41493.89532124671,1273598.6554664804
2017-07-05 03:08:00,35084.26618849111,1821844.8469153258,1752,0.1050228310502283,4818293.514840183,0,68408.45878991447,4175045.3667603256,53432.86229816705,3061926.6589339925,106922.49707246396,7862822.664103044
2017-07-05 03:09:00,56230.97470394147,2420403.537778258,2753,0.1289502361060661,8511422.689792953,0,35084.26618849111,1821844.8469153258,68408.45878991447,4175045.3667603256,53432.86229816705,3061926.6589339925
2017-07-05 03:10:00,49117.225873829215,2337947.770574307,3312,0.08846618357487923,11994547.262983091,0,56230.97470394147,2420403.537778258,35084.26618849111,1821844.8469153258,68408.45878991447,4175045.3667603256
2017-07-05 03:11:00,34939.446150380376,2395118.527879979,2425,0.14845360824742268,7501677.070927835,0,49117.225873829215,2337947.770574307,56230.97470394147,2420403.537778258,35084.26618849111,1821844.8469153258
2017-07-05 03:12:00,81375.16619177174,6583976.009470407,1936,0.1802685950413223,5631319.396694215,0,34939.446150380376,2395118.527879979,49117.225873829215,2337947.770574307,56230.97470394147,2420403.537778258
2017-07-05 03:13:00,44527.57603013209,2934867.2409788263,2589,0.15256855928930088,6140728.403630746,0,81375.16619177174,6583976.009470407,34939.446150380376,2395118.527879979,49117.225873829215,2337947.770574307
2017-07-05 03:14:00,47807.528529488496,3615988.920881567,2961,0.12191827085444107,4858537.134751773,0,44527.57603013209,2934867.2409788263,81375.16619177174,6583976.009470407,34939.446150380376,2395118.527879979
2017-07-05 03:15:00,48674.78466348433,3422336.9632597743,1457,0.24159231297185998,3445996.0960878516,0,47807.528529488496,3615988.920881567,44527.57603013209,2934867.2409788263,81375.16619177174,6583976.009470407
2017-07-05 03:16:00,45610.75184717646,5070751.682274492,2247,0.15086782376502003,5109895.005340454,0,48674.78466348433,3422336.9632597743,47807.528529488496,3615988.920881567,44527.57603013209,2934867.2409788263
2017-07-05 03:17:00,40501.01000109016,3945594.8479600777,1847,0.1120736329182458,3812340.282079047,0,45610.75184717646,5070751.682274492,48674.78466348433,3422336.9632597743,47807.528529488496,3615988.920881567
2017-07-05 03:18:00,37785.98058145474,3977029.8531448217,2418,0.12903225806451613,8400026.33043838,0,40501.01000109016,3945594.8479600777,45610.75184717646,5070751.682274492,48674.78466348433,3422336.9632597743
2017-07-05 03:19:00,37762.572983563594,3010748.2260859623,2545,0.12102161100196464,4436198.309626719,0,37785.98058145474,3977029.8531448217,40501.01000109016,3945594.8479600777,45610.75184717646,5070751.682274492
2017-07-05 03:20:00,60751.73204591702,3483619.8689765893,1939,0.1707065497679216,4178139.381124291,0,37762.572983563594,3010748.2260859623,37785.98058145474,3977029.8531448217,40501.01000109016,3945594.8479600777
2017-07-05 03:21:00,47949.43619224716,4614473.023058112,2000,0.1425,5549554.8905,0,60751.73204591702,3483619.8689765893,37762.572983563594,3010748.2260859623,37785.98058145474,3977029.8531448217
2017-07-05 03:22:00,30552.46152514421,948747.2402857641,1629,0.02332719459791283,13778850.750767343,0,47949.43619224716,4614473.023058112,60751.73204591702,3483619.8689765893,37762.572983563594,3010748.2260859623
2017-07-05 03:23:00,84802.36886383295,4304623.363163984,447,0.040268456375838924,3908059.178970917,0,30552.46152514421,948747.2402857641,47949.43619224716,4614473.023058112,60751.73204591702,3483619.8689765893
2017-07-05 03:24:00,52612.050253137306,831935.2320494223,865,0.058959537572254334,17357496.242774565,0,84802.36886383295,4304623.363163984,30552.46152514421,948747.2402857641,47949.43619224716,4614473.023058112
2017-07-05 03:25:00,44479.019356629055,2064428.819760873,1704,0.02992957746478873,13290581.852699531,0,52612.050253137306,831935.2320494223,84802.36886383295,4304623.363163984,30552.46152514421,948747.2402857641
2017-07-05 03:26:00,41309.86577613204,629084.4963397471,1205,0.04896265560165975,9945487.818257261,0,44479.019356629055,2064428.819760873,52612.050253137306,831935.2320494223,84802.36886383295,4304623.363163984
2017-07-05 03:27:00,95232.79258605193,4500708.177234037,619,0.046849757673667204,7100081.512116317,0,41309.86577613204,629084.4963397471,44479.019356629055,2064428.819760873,52612.050253137306,831935.2320494223
2017-07-05 03:28:00,117286.2574227028,7360239.177202766,563,0.1261101243339254,10554282.895204263,0,95232.79258605193,4500708.177234037,41309.86577613204,629084.4963397471,44479.019356629055,2064428.819760873
2017-07-05 03:29:00,34795.47482198078,798912.3759350624,2286,0.0336832895888014,14087285.784776904,0,117286.2574227028,7360239.177202766,95232.79258605193,4500708.177234037,41309.86577613204,629084.4963397471
2017-07-05 03:30:00,119412.94511506347,3457205.5016973875,527,0.03795066413662239,4258842.187855788,0,34795.47482198078,798912.3759350624,117286.2574227028,7360239.177202766,95232.79258605193,4500708.177234037
2017-07-05 03:31:00,109669.10586496793,2057456.7956263078,509,0.06679764243614932,12043575.428290766,0,119412.94511506347,3457205.5016973875,34795.47482198078,798912.3759350624,117286.2574227028,7360239.177202766
2017-07-05 03:32:00,82355.39784493683,3200509.153954103,510,0.13137254901960785,10374831.629411764,0,109669.10586496793,2057456.7956263078,119412.94511506347,3457205.5016973875,34795.47482198078,798912.3759350624
2017-07-05 03:33:00,32172.234217182988,1768827.3245292883,1900,0.018421052631578946,10730081.589473683,0,82355.39784493683,3200509.153954103,109669.10586496793,2057456.7956263078,119412.94511506347,3457205.5016973875
2017-07-05 03:34:00,271992.58368495764,4173102.752707826,577,0.1733102253032929,5052813.048526863,0,32172.234217182988,1768827.3245292883,82355.39784493683,3200509.153954103,109669.10586496793,2057456.7956263078
2017-07-05 03:35:00,50137.35082232926,1364744.0446217305,1000,0.022,8160442.201,0,271992.58368495764,4173102.752707826,32172.234217182988,1768827.3245292883,82355.39784493683,3200509.153954103
2017-07-05 03:36:00,57397.15281755998,1827132.233735465,364,0.1043956043956044,11428183.214285715,0,50137.35082232926,1364744.0446217305,271992.58368495764,4173102.752707826,32172.234217182988,1768827.3245292883
2017-07-05 03:37:00,71750.49812696507,8510227.42697702,123,0.1951219512195122,15033889.723577235,0,57397.15281755998,1827132.233735465,50137.35082232926,1364744.0446217305,271992.58368495764,4173102.752707826
2017-07-05 03:38:00,48005.549231457604,296507.630961568,472,0.06991525423728813,8467611.468220338,0,71750.49812696507,8510227.42697702,57397.15281755998,1827132.233735465,50137.35082232926,1364744.0446217305
2017-07-05 03:39:00,49462.076659582344,1328377.0409615287,842,0.05819477434679335,15949385.039192399,0,48005.549231457604,296507.630961568,71750.49812696507,8510227.42697702,57397.15281755998,1827132.233735465
2017-07-05 03:40:00,44292.72367298967,1132357.7413510894,845,0.036686390532544376,14231898.249704141,0,49462.076659582344,1328377.0409615287,48005.549231457604,296507.630961568,71750.49812696507,8510227.42697702
2017-07-05 03:41:00,65862.23221588967,3544215.2737452537,399,0.05263157894736842,10487981.090225564,0,44292.72367298967,1132357.7413510894,49462.076659582344,1328377.0409615287,48005.549231457604,296507.630961568
2017-07-05 03:42:00,143398.3541542693,7370244.452438579,349,0.22063037249283668,6292002.220630373,0,65862.23221588967,3544215.2737452537,44292.72367298967,1132357.7413510894,49462.076659582344,1328377.0409615287
2017-07-05 03:43:00,54274.34978415641,3385835.867319974,990,0.052525252525252523,11182703.344444444,0,143398.3541542693,7370244.452438579,65862.23221588967,3544215.2737452537,44292.72367298967,1132357.7413510894
2017-07-05 03:44:00,99376.65258304584,1033532.4401807068,228,0.07456140350877193,6693969.394736842,0,54274.34978415641,3385835.867319974,143398.3541542693,7370244.452438579,65862.23221588967,3544215.2737452537
2017-07-05 03:45:00,44110.68456021035,1417305.1331878663,769,0.04161248374512354,16562344.812743824,0,99376.65258304584,1033532.4401807068,54274.34978415641,3385835.867319974,143398.3541542693,7370244.452438579
2017-07-05 03:46:00,71714.16275139016,3593336.115413715,1217,0.041084634346754315,7344228.481511914,0,44110.68456021035,1417305.1331878663,99376.65258304584,1033532.4401807068,54274.34978415641,3385835.867319974
2017-07-05 03:47:00,72344.14366342768,3033119.0896466346,261,0.14942528735632185,8615084.034482758,0,71714.16275139016,3593336.115413715,44110.68456021035,1417305.1331878663,99376.65258304584,1033532.4401807068
2017-07-05 03:48:00,124712.05784421499,3703897.0283379573,289,0.21453287197231835,10329138.491349481,0,72344.14366342768,3033119.0896466346,71714.16275139016,3593336.115413715,44110.68456021035,1417305.1331878663
2017-07-05 03:49:00,35581.366309448116,1397954.9099522044,418,0.03110047846889952,2442957.562200957,0,124712.05784421499,3703897.0283379573,72344.14366342768,3033119.0896466346,71714.16275139016,3593336.115413715
2017-07-05 03:50:00,125848.84505470775,14770496.608694106,190,0.1,9098842.268421052,0,35581.366309448116,1397954.9099522044,124712.05784421499,3703897.0283379573,72344.14366342768,3033119.0896466346
2017-07-05 03:51:00,31679.139767271034,3212265.4857432614,537,0.01675977653631285,12108833.376163874,0,125848.84505470775,14770496.608694106,35581.366309448116,1397954.9099522044,124712.05784421499,3703897.0283379573
2017-07-05 03:52:00,25581.952607263218,1937784.233810198,719,0.027816411682892908,13882416.038942976,0,31679.139767271034,3212265.4857432614,125848.84505470775,14770496.608694106,35581.366309448116,1397954.9099522044
2017-07-05 03:53:00,34801.00627476907,399985.6884327991,1043,0.01821668264621285,8790664.767018218,0,25581.952607263218,1937784.233810198,31679.139767271034,3212265.4857432614,125848.84505470775,14770496.608694106
2017-07-05 03:54:00,39816.72677598656,845240.4691774655,426,0.03990610328638498,15895571.079812206,0,34801.00627476907,399985.6884327991,25581.952607263218,1937784.233810198,31679.139767271034,3212265.4857432614
2017-07-05 03:55:00,76062.05541199111,2254805.223439437,493,0.09330628803245436,11221794.46653144,0,39816.72677598656,845240.4691774655,34801.00627476907,399985.6884327991,25581.952607263218,1937784.233810198
2017-07-05 03:56:00,39916.78845776151,2265630.3948442116,467,0.027837259100642397,27225287.38972163,0,76062.05541199111,2254805.223439437,39816.72677598656,845240.4691774655,34801.00627476907,399985.6884327991
2017-07-05 03:57:00,61590.3929342314,2156745.3559268354,1690,0.04437869822485207,12444433.721893491,0,39916.78845776151,2265630.3948442116,76062.05541199111,2254805.223439437,39816.72677598656,845240.4691774655
2017-07-05 03:58:00,95303.38415561526,1269308.2400128292,240,0.11666666666666667,6525591.766666667,0,61590.3929342314,2156745.3559268354,39916.78845776151,2265630.3948442116,76062.05541199111,2254805.223439437
2017-07-05 03:59:00,157883.4722746715,6668684.121297439,268,0.19402985074626866,13840496.0,0,95303.38415561526,1269308.2400128292,61590.3929342314,2156745.3559268354,39916.78845776151,2265630.3948442116
2017-07-05 04:00:00,52165.99623992586,1925216.64486588,1295,0.05405405405405406,13775210.502702702,0,157883.4722746715,6668684.121297439,95303.38415561526,1269308.2400128292,61590.3929342314,2156745.3559268354
2017-07-05 04:01:00,114846.73662313119,9002938.152808927,234,0.07264957264957266,4881030.636752137,0,52165.99623992586,1925216.64486588,157883.4722746715,6668684.121297439,95303.38415561526,1269308.2400128292
2017-07-05 04:02:00,168500.74026623863,4140049.1601293543,247,0.0728744939271255,9989886.457489878,0,114846.73662313119,9002938.152808927,52165.99623992586,1925216.64486588,157883.4722746715,6668684.121297439
2017-07-05 04:03:00,166048.5963604787,1576021.9422202972,108,0.23148148148148148,2963419.212962963,0,168500.74026623863,4140049.1601293543,114846.73662313119,9002938.152808927,52165.99623992586,1925216.64486588
2017-07-05 04:04:00,61932.827656068985,5590110.625370059,288,0.04513888888888889,19376562.201388888,0,166048.5963604787,1576021.9422202972,168500.74026623863,4140049.1601293543,114846.73662313119,9002938.152808927
2017-07-05 04:05:00,12381.432621132153,270544.9023579774,1509,0.0026507620941020544,15673572.331345262,0,61932.827656068985,5590110.625370059,166048.5963604787,1576021.9422202972,168500.74026623863,4140049.1601293543
2017-07-05 04:06:00,53768.564967747385,847202.2021112953,1169,0.04020530367835757,14938249.057313943,0,12381.432621132153,270544.9023579774,61932.827656068985,5590110.625370059,166048.5963604787,1576021.9422202972
2017-07-05 04:07:00,60681.877707230036,2507985.7177901897,672,0.03869047619047619,7951411.464285715,0,53768.564967747385,847202.2021112953,12381.432621132153,270544.9023579774,61932.827656068985,5590110.625370059
2017-07-05 04:08:00,103408.24581449137,1184348.1446127382,406,0.1921182266009852,14583078.108374385,0,60681.877707230036,2507985.7177901897,53768.564967747385,847202.2021112953,12381.432621132153,270544.9023579774
2017-07-05 04:09:00,95223.39820942144,1950659.1258307586,736,0.04619565217391304,15258061.633152174,0,103408.24581449137,1184348.1446127382,60681.877707230036,2507985.7177901897,53768.564967747385,847202.2021112953
2017-07-05 04:10:00,65146.871926685744,4504156.046374694,655,0.07022900763358779,13016861.322137404,0,95223.39820942144,1950659.1258307586,103408.24581449137,1184348.1446127382,60681.877707230036,2507985.7177901897
2017-07-05 04:11:00,54624.637464538384,2435732.8197012814,1091,0.08340971585701192,14334327.211732356,0,65146.871926685744,4504156.046374694,95223.39820942144,1950659.1258307586,103408.24581449137,1184348.1446127382
2017-07-05 04:12:00,62879.96408401757,2419859.075611625,449,0.051224944320712694,21506724.069042318,0,54624.637464538384,2435732.8197012814,65146.871926685744,4504156.046374694,95223.39820942144,1950659.1258307586
2017-07-05 04:13:00,73022.43243613948,2668829.141898016,1525,0.043934426229508196,10659615.263606558,0,62879.96408401757,2419859.075611625,54624.637464538384,2435732.8197012814,65146.871926685744,4504156.046374694
2017-07-05 04:14:00,69182.19107581943,1121578.3753125009,853,0.08206330597889801,10418888.125439625,0,73022.43243613948,2668829.141898016,62879.96408401757,2419859.075611625,54624.637464538384,2435732.8197012814
2017-07-05 04:15:00,68601.10734334301,2143377.392548406,801,0.0686641697877653,13830349.47815231,0,69182.19107581943,1121578.3753125009,73022.43243613948,2668829.141898016,62879.96408401757,2419859.075611625
2017-07-05 04:16:00,69523.76012544443,1301668.524978967,736,0.06793478260869565,10586537.220108695,0,68601.10734334301,2143377.392548406,69182.19107581943,1121578.3753125009,73022.43243613948,2668829.141898016
2017-07-05 04:17:00,66747.69227295283,1688701.5371726751,1407,0.048329779673063254,10823583.469793888,0,69523.76012544443,1301668.524978967,68601.10734334301,2143377.392548406,69182.19107581943,1121578.3753125009
2017-07-05 04:18:00,38979.97328651022,829102.126076203,876,0.026255707762557076,20245658.44977169,0,66747.69227295283,1688701.5371726751,69523.76012544443,1301668.524978967,68601.10734334301,2143377.392548406
2017-07-05 04:19:00,105651.377174895,11976750.314961536,361,0.08587257617728532,6179129.991689751,0,38979.97328651022,829102.126076203,66747.69227295283,1688701.5371726751,69523.76012544443,1301668.524978967
2017-07-05 04:20:00,88202.97926651692,2604823.029071079,475,0.15368421052631578,8748541.037894737,0,105651.377174895,11976750.314961536,38979.97328651022,829102.126076203,66747.69227295283,1688701.5371726751
2017-07-05 04:21:00,65699.218180643,876439.3567322792,991,0.055499495459132187,13279977.730575176,0,88202.97926651692,2604823.029071079,105651.377174895,11976750.314961536,38979.97328651022,829102.126076203
2017-07-05 04:22:00,72710.55576036031,3175703.8418972963,505,0.04356435643564356,12891284.918811882,0,65699.218180643,876439.3567322792,88202.97926651692,2604823.029071079,105651.377174895,11976750.314961536
2017-07-05 04:23:00,27942.68937393749,1942001.4774805682,1262,0.02456418383518225,14992891.782091917,0,72710.55576036031,3175703.8418972963,65699.218180643,876439.3567322792,88202.97926651692,2604823.029071079
2017-07-05 04:24:00,55778.62769689327,1776871.5398887123,938,0.050106609808102345,10427435.158848614,0,27942.68937393749,1942001.4774805682,72710.55576036031,3175703.8418972963,65699.218180643,876439.3567322792
2017-07-05 04:25:00,77093.85038621582,1055450.807778903,785,0.05732484076433121,11200635.192356687,0,55778.62769689327,1776871.5398887123,27942.68937393749,1942001.4774805682,72710.55576036031,3175703.8418972963
2017-07-05 04:26:00,192673.66128730847,9872377.814293882,214,0.18691588785046728,5064613.257009346,0,77093.85038621582,1055450.807778903,55778.62769689327,1776871.5398887123,27942.68937393749,1942001.4774805682
2017-07-05 04:27:00,38741.550552812994,2277080.7367914515,1718,0.020954598370197905,13693251.310826542,0,192673.66128730847,9872377.814293882,77093.85038621582,1055450.807778903,55778.62769689327,1776871.5398887123
2017-07-05 04:28:00,68935.90301240783,2494000.9826349574,872,0.051605504587155966,11801423.266055046,0,38741.550552812994,2277080.7367914515,192673.66128730847,9872377.814293882,77093.85038621582,1055450.807778903
2017-07-05 04:29:00,67335.22830567301,1717839.9349010237,685,0.035036496350364967,14838462.145985402,0,68935.90301240783,2494000.9826349574,38741.550552812994,2277080.7367914515,192673.66128730847,9872377.814293882
2017-07-05 04:30:00,142635.50133419878,1775229.4376715387,351,0.24216524216524216,5018501.045584045,0,67335.22830567301,1717839.9349010237,68935.90301240783,2494000.9826349574,38741.550552812994,2277080.7367914515
2017-07-05 04:31:00,182454.44408777973,10800851.546229556,253,0.18181818181818182,9975111.245059289,0,142635.50133419878,1775229.4376715387,67335.22830567301,1717839.9349010237,68935.90301240783,2494000.9826349574
2017-07-05 04:32:00,40620.916481520595,412332.69418169744,279,0.06451612903225806,11780902.426523298,0,182454.44408777973,10800851.546229556,142635.50133419878,1775229.4376715387,67335.22830567301,1717839.9349010237
2017-07-05 04:33:00,23187.87616952079,505681.10504747456,447,0.03131991051454139,15017277.762863535,0,40620.916481520595,412332.69418169744,182454.44408777973,10800851.546229556,142635.50133419878,1775229.4376715387
2017-07-05 04:34:00,28376.79985787848,564360.0765242429,902,0.017738359201773836,18204935.369179603,0,23187.87616952079,505681.10504747456,40620.916481520595,412332.69418169744,182454.44408777973,10800851.546229556
2017-07-05 04:35:00,40536.02462647282,651595.9131580357,476,0.04201680672268908,11610877.05672269,0,28376.79985787848,564360.0765242429,23187.87616952079,505681.10504747456,40620.916481520595,412332.69418169744
2017-07-05 04:36:00,88306.98388604367,3508652.2932799044,598,0.05852842809364549,14681118.742474915,0,40536.02462647282,651595.9131580357,28376.79985787848,564360.0765242429,23187.87616952079,505681.10504747456
2017-07-05 04:37:00,100158.79621911974,9735807.307881763,331,0.10876132930513595,13912068.205438066,0,88306.98388604367,3508652.2932799044,40536.02462647282,651595.9131580357,28376.79985787848,564360.0765242429
2017-07-05 04:38:00,78533.69050664835,933551.0851769753,793,0.0807061790668348,9286031.37074401,0,100158.79621911974,9735807.307881763,88306.98388604367,3508652.2932799044,40536.02462647282,651595.9131580357
2017-07-05 04:39:00,49167.357157633945,751546.5325179206,1276,0.03683385579937304,13694418.627742946,0,78533.69050664835,933551.0851769753,100158.79621911974,9735807.307881763,88306.98388604367,3508652.2932799044
2017-07-05 04:40:00,48987.504652211435,2525854.8469120385,791,0.05056890012642225,12618291.652338812,0,49167.357157633945,751546.5325179206,78533.69050664835,933551.0851769753,100158.79621911974,9735807.307881763
2017-07-05 04:41:00,30863.15917788886,824686.503951846,778,0.04113110539845758,11592012.493573265,0,48987.504652211435,2525854.8469120385,49167.357157633945,751546.5325179206,78533.69050664835,933551.0851769753
2017-07-05 04:42:00,38129.9149550374,1898089.3416401697,1342,0.030551415797317436,6846867.71833085,0,30863.15917788886,824686.503951846,48987.504652211435,2525854.8469120385,49167.357157633945,751546.5325179206
2017-07-05 04:43:00,46146.266348391415,808576.069413674,559,0.0518783542039356,14972343.091234347,0,38129.9149550374,1898089.3416401697,30863.15917788886,824686.503951846,48987.504652211435,2525854.8469120385
2017-07-05 04:44:00,64405.170532967386,1893064.1659081797,1083,0.0664819944598338,10961277.77746999,0,46146.266348391415,808576.069413674,38129.9149550374,1898089.3416401697,30863.15917788886,824686.503951846
2017-07-05 04:45:00,154683.79465486505,4085409.846338431,324,0.18209876543209877,7572095.861111111,0,64405.170532967386,1893064.1659081797,46146.266348391415,808576.069413674,38129.9149550374,1898089.3416401697
2017-07-05 04:46:00,140918.97598485398,16563673.025315555,162,0.19135802469135801,8485056.870370371,0,154683.79465486505,4085409.846338431,64405.170532967386,1893064.1659081797,46146.266348391415,808576.069413674
2017-07-05 04:47:00,79520.62592827385,3291753.0981342825,375,0.09066666666666667,13910622.528,0,140918.97598485398,16563673.025315555,154683.79465486505,4085409.846338431,64405.170532967386,1893064.1659081797
2017-07-05 04:48:00,36157.46536064118,893878.950355342,2984,0.02982573726541555,14937542.139745308,0,79520.62592827385,3291753.0981342825,140918.97598485398,16563673.025315555,154683.79465486505,4085409.846338431
2017-07-05 04:49:00,84189.87768071824,1475568.7927332465,423,0.037825059101654845,3945773.7375886524,0,36157.46536064118,893878.950355342,79520.62592827385,3291753.0981342825,140918.97598485398,16563673.025315555
2017-07-05 04:50:00,78768.03165412876,865801.3867495505,1543,0.047310434219053794,11501745.13609851,0,84189.87768071824,1475568.7927332465,36157.46536064118,893878.950355342,79520.62592827385,3291753.0981342825
2017-07-05 04:51:00,111565.77716799812,1255150.582431208,550,0.11090909090909092,9937139.22,0,78768.03165412876,865801.3867495505,84189.87768071824,1475568.7927332465,36157.46536064118,893878.950355342
2017-07-05 04:52:00,121827.55500331747,4731527.854996499,343,0.11661807580174927,14073839.379008746,0,111565.77716799812,1255150.582431208,78768.03165412876,865801.3867495505,84189.87768071824,1475568.7927332465
2017-07-05 04:53:00,36363.83525891935,601908.007730435,475,0.04842105263157895,15283477.60631579,0,121827.55500331747,4731527.854996499,111565.77716799812,1255150.582431208,78768.03165412876,865801.3867495505
2017-07-05 04:54:00,66217.93400524548,2500612.9367697267,667,0.05547226386806597,12916732.04497751,0,36363.83525891935,601908.007730435,121827.55500331747,4731527.854996499,111565.77716799812,1255150.582431208
2017-07-05 04:55:00,43849.37667001982,4645858.6223267475,790,0.0379746835443038,19838611.62278481,0,66217.93400524548,2500612.9367697267,36363.83525891935,601908.007730435,121827.55500331747,4731527.854996499
2017-07-05 04:56:00,114091.07359086422,1500892.5641413338,263,0.08745247148288973,6405027.479087452,0,43849.37667001982,4645858.6223267475,66217.93400524548,2500612.9367697267,36363.83525891935,601908.007730435
2017-07-05 04:57:00,55840.51992078799,597316.0854452335,1303,0.03837298541826554,14272164.363008441,0,114091.07359086422,1500892.5641413338,43849.37667001982,4645858.6223267475,66217.93400524548,2500612.9367697267
2017-07-05 04:58:00,87324.33056699345,26739055.83272406,164,0.12195121951219512,7202988.097560976,0,55840.51992078799,597316.0854452335,114091.07359086422,1500892.5641413338,43849.37667001982,4645858.6223267475
2017-07-05 04:59:00,100010.43587549444,597779.2802932397,390,0.05384615384615385,12677845.792307692,0,87324.33056699345,26739055.83272406,55840.51992078799,597316.0854452335,114091.07359086422,1500892.5641413338
2017-07-05 05:00:00,69932.14581643898,1500626.7554094943,626,0.09904153354632587,7436115.777955271,0,100010.43587549444,597779.2802932397,87324.33056699345,26739055.83272406,55840.51992078799,597316.0854452335
2017-07-05 05:01:00,56793.07650893817,1263863.0532886984,746,0.029490616621983913,13036152.209115282,0,69932.14581643898,1500626.7554094943,100010.43587549444,597779.2802932397,87324.33056699345,26739055.83272406
2017-07-05 05:02:00,49541.45966843418,782250.6617832393,1004,0.022908366533864542,14101115.505976096,0,56793.07650893817,1263863.0532886984,69932.14581643898,1500626.7554094943,100010.43587549444,597779.2802932397
2017-07-05 05:03:00,58819.669678105005,529581.7717884718,340,0.05,10965108.961764706,0,49541.45966843418,782250.6617832393,56793.07650893817,1263863.0532886984,69932.14581643898,1500626.7554094943
2017-07-05 05:04:00,121183.89150108572,2428087.5457606013,196,0.24489795918367346,9688762.826530613,0,58819.669678105005,529581.7717884718,49541.45966843418,782250.6617832393,56793.07650893817,1263863.0532886984
2017-07-05 05:05:00,80595.07770149676,1121534.2244313967,210,0.08571428571428572,8450439.323809523,0,121183.89150108572,2428087.5457606013,58819.669678105005,529581.7717884718,49541.45966843418,782250.6617832393
2017-07-05 05:06:00,55182.72046204624,1261379.114640211,164,0.04878048780487805,6393976.073170732,0,80595.07770149676,1121534.2244313967,121183.89150108572,2428087.5457606013,58819.669678105005,529581.7717884718
2017-07-05 05:07:00,110614.8589387419,2412708.084826379,218,0.03669724770642202,1112850.5458715595,0,55182.72046204624,1261379.114640211,80595.07770149676,1121534.2244313967,121183.89150108572,2428087.5457606013
2017-07-05 05:08:00,704588.3763657827,7237225.545734805,41,0.0,845551.3170731707,0,110614.8589387419,2412708.084826379,55182.72046204624,1261379.114640211,80595.07770149676,1121534.2244313967
2017-07-05 05:09:00,450000.0,90500000.0,1,0.0,20.0,0,704588.3763657827,7237225.545734805,110614.8589387419,2412708.084826379,55182.72046204624,1261379.114640211
2017-07-05 05:10:00,9839.752601,2997469.778,1,0.0,3557.0,0,450000.0,90500000.0,704588.3763657827,7237225.545734805,110614.8589387419,2412708.084826379
2017-07-05 08:42:00,41327.234269198016,2105922.8576189415,159,0.0440251572327044,18202173.698113207,0,9839.752601,2997469.778,450000.0,90500000.0,704588.3763657827,7237225.545734805
2017-07-05 08:43:00,42566.414778705745,2846452.9118171716,262,0.022900763358778626,17120932.08015267,0,41327.234269198016,2105922.8576189415,9839.752601,2997469.778,450000.0,90500000.0
2017-07-05 08:44:00,53068.23751546575,938268.9951046607,293,0.020477815699658702,12824588.532423208,0,42566.414778705745,2846452.9118171716,41327.234269198016,2105922.8576189415,9839.752601,2997469.778
2017-07-05 08:45:00,37449.03140388976,2984915.515641953,226,0.01327433628318584,24988231.632743362,0,53068.23751546575,938268.9951046607,42566.414778705745,2846452.9118171716,41327.234269198016,2105922.8576189415
2017-07-05 08:46:00,51473.566310545844,1908824.750746777,329,0.03343465045592705,13298270.686930092,0,37449.03140388976,2984915.515641953,53068.23751546575,938268.9951046607,42566.414778705745,2846452.9118171716
2017-07-05 08:47:00,29739.554174615958,919129.9384206601,1059,0.016052880075542966,18187377.95089707,0,51473.566310545844,1908824.750746777,37449.03140388976,2984915.515641953,53068.23751546575,938268.9951046607
2017-07-05 08:48:00,68726.83537266133,3446903.707953238,309,0.061488673139158574,11144064.906148868,0,29739.554174615958,919129.9384206601,51473.566310545844,1908824.750746777,37449.03140388976,2984915.515641953
2017-07-05 08:49:00,62566.94463922177,928396.1723553488,1036,0.03571428571428571,14812184.212355213,0,68726.83537266133,3446903.707953238,29739.554174615958,919129.9384206601,51473.566310545844,1908824.750746777
2017-07-05 08:50:00,73369.43244973071,1195232.1050518437,298,0.12080536912751678,17179442.19127517,0,62566.94463922177,928396.1723553488,68726.83537266133,3446903.707953238,29739.554174615958,919129.9384206601
2017-07-05 08:51:00,52675.4309988371,926888.1216221702,2253,0.032401242787394584,15218668.855747892,0,73369.43244973071,1195232.1050518437,62566.94463922177,928396.1723553488,68726.83537266133,3446903.707953238
2017-07-05 08:52:00,108051.01108008166,2077129.4705965905,788,0.05203045685279188,8791058.576142132,0,52675.4309988371,926888.1216221702,73369.43244973071,1195232.1050518437,62566.94463922177,928396.1723553488
2017-07-05 08:53:00,56285.05505198427,1008012.1461305225,820,0.06951219512195123,19113322.992682926,0,108051.01108008166,2077129.4705965905,52675.4309988371,926888.1216221702,73369.43244973071,1195232.1050518437
2017-07-05 08:54:00,74604.96915229918,1955897.5922075757,1449,0.04623878536922015,11515885.521048998,0,56285.05505198427,1008012.1461305225,108051.01108008166,2077129.4705965905,52675.4309988371,926888.1216221702
2017-07-05 08:55:00,47826.401272271374,991868.8012258309,1337,0.029917726252804786,14324101.03066567,0,74604.96915229918,1955897.5922075757,56285.05505198427,1008012.1461305225,108051.01108008166,2077129.4705965905
2017-07-05 08:56:00,95572.39776067363,1748913.0119490486,609,0.06896551724137931,12358639.733990148,0,47826.401272271374,991868.8012258309,74604.96915229918,1955897.5922075757,56285.05505198427,1008012.1461305225
2017-07-05 08:57:00,157209.31818137426,3595855.6699837483,468,0.11752136752136752,8864933.504273504,0,95572.39776067363,1748913.0119490486,47826.401272271374,991868.8012258309,74604.96915229918,1955897.5922075757
2017-07-05 08:58:00,98222.39393432424,957380.0993234201,1723,0.0481717933836332,9943886.425420778,0,157209.31818137426,3595855.6699837483,95572.39776067363,1748913.0119490486,47826.401272271374,991868.8012258309
2017-07-05 08:59:00,108924.92819260336,2205147.7420721627,689,0.07692307692307693,6411454.600870827,0,98222.39393432424,957380.0993234201,157209.31818137426,3595855.6699837483,95572.39776067363,1748913.0119490486
2017-07-05 09:00:00,228037.95034811608,2257266.6463159816,285,0.14385964912280702,9373241.421052631,0,108924.92819260336,2205147.7420721627,98222.39393432424,957380.0993234201,157209.31818137426,3595855.6699837483
2017-07-05 09:01:00,65659.35118271639,2570649.2039236613,126,0.05555555555555555,25068573.95238095,2,228037.95034811608,2257266.6463159816,108924.92819260336,2205147.7420721627,98222.39393432424,957380.0993234201
2017-07-05 09:02:00,41015.96430800931,2022211.021609398,795,0.026415094339622643,15390983.295597484,0,65659.35118271639,2570649.2039236613,228037.95034811608,2257266.6463159816,108924.92819260336,2205147.7420721627
2017-07-05 09:03:00,25181.42704383646,988973.0623372362,1792,0.015066964285714286,12158064.208705356,0,41015.96430800931,2022211.021609398,65659.35118271639,2570649.2039236613,228037.95034811608,2257266.6463159816
2017-07-05 09:04:00,117374.24336750119,3374321.4026435493,259,0.04247104247104247,9334318.208494209,0,25181.42704383646,988973.0623372362,41015.96430800931,2022211.021609398,65659.35118271639,2570649.2039236613
2017-07-05 09:05:00,172844.60118888534,2518193.7812542035,268,0.20149253731343283,10772148.21641791,0,117374.24336750119,3374321.4026435493,25181.42704383646,988973.0623372362,41015.96430800931,2022211.021609398
2017-07-05 09:06:00,42728.210691346394,972356.2632443458,587,0.06303236797274275,16210630.127768314,0,172844.60118888534,2518193.7812542035,117374.24336750119,3374321.4026435493,25181.42704383646,988973.0623372362
2017-07-05 09:07:00,31123.393777993166,1362801.270708466,1171,0.011101622544833475,20972609.18616567,0,42728.210691346394,972356.2632443458,172844.60118888534,2518193.7812542035,117374.24336750119,3374321.4026435493
2017-07-05 09:08:00,59150.53800724253,628635.1562979158,391,0.03580562659846547,12537870.83887468,0,31123.393777993166,1362801.270708466,42728.210691346394,972356.2632443458,172844.60118888534,2518193.7812542035
2017-07-05 09:09:00,28357.532819669104,1026463.1401534217,1368,0.015350877192982455,9939892.457602339,0,59150.53800724253,628635.1562979158,31123.393777993166,1362801.270708466,42728.210691346394,972356.2632443458
2017-07-05 09:10:00,42455.02017895693,1106613.8639163524,1705,0.03401759530791789,8069456.306744868,0,28357.532819669104,1026463.1401534217,59150.53800724253,628635.1562979158,31123.393777993166,1362801.270708466
2017-07-05 09:11:00,60386.76438141661,3929462.101731154,346,0.028901734104046242,12888626.858381502,0,42455.02017895693,1106613.8639163524,28357.532819669104,1026463.1401534217,59150.53800724253,628635.1562979158
2017-07-05 09:12:00,43874.66876998438,1421054.1662220967,1148,0.025261324041811847,15389237.6271777,0,60386.76438141661,3929462.101731154,42455.02017895693,1106613.8639163524,28357.532819669104,1026463.1401534217
2017-07-05 09:13:00,50212.01665913974,1306184.5037558614,1435,0.027874564459930314,8856890.359581882,0,43874.66876998438,1421054.1662220967,60386.76438141661,3929462.101731154,42455.02017895693,1106613.8639163524
2017-07-05 09:14:00,29986.066214472805,1619280.0572033129,1469,0.03063308373042886,10520074.83866576,0,50212.01665913974,1306184.5037558614,43874.66876998438,1421054.1662220967,60386.76438141661,3929462.101731154
2017-07-05 09:15:00,89476.6841123403,730350.0702318772,222,0.07207207207207207,10389579.869369369,0,29986.066214472805,1619280.0572033129,50212.01665913974,1306184.5037558614,43874.66876998438,1421054.1662220967
2017-07-05 09:16:00,32583.2309576776,1919519.7225088899,966,0.035196687370600416,11348770.802277433,0,89476.6841123403,730350.0702318772,29986.066214472805,1619280.0572033129,50212.01665913974,1306184.5037558614
2017-07-05 09:17:00,55333.98716625034,2096163.8326764342,641,0.0499219968798752,11023458.686427457,0,32583.2309576776,1919519.7225088899,89476.6841123403,730350.0702318772,29986.066214472805,1619280.0572033129
2017-07-05 09:18:00,24629.07735818986,464513.4651743699,929,0.02045209903121636,17438221.47578041,0,55333.98716625034,2096163.8326764342,32583.2309576776,1919519.7225088899,89476.6841123403,730350.0702318772
2017-07-05 09:19:00,74961.30145597254,5108710.335471249,297,0.18855218855218855,13671187.511784513,0,24629.07735818986,464513.4651743699,55333.98716625034,2096163.8326764342,32583.2309576776,1919519.7225088899
2017-07-05 09:20:00,161534.81357071805,9737026.574230313,293,0.13310580204778158,6976044.641638225,0,74961.30145597254,5108710.335471249,24629.07735818986,464513.4651743699,55333.98716625034,2096163.8326764342
2017-07-05 09:21:00,50167.02068807647,3946024.2117419583,615,0.04227642276422764,12320105.863414634,0,161534.81357071805,9737026.574230313,74961.30145597254,5108710.335471249,24629.07735818986,464513.4651743699
2017-07-05 09:22:00,49668.78050382788,2179607.6132491776,584,0.010273972602739725,12904199.991438355,0,50167.02068807647,3946024.2117419583,161534.81357071805,9737026.574230313,74961.30145597254,5108710.335471249
2017-07-05 09:23:00,34240.737788510116,1383027.9428552072,2729,0.025283986808354707,10981150.439355075,0,49668.78050382788,2179607.6132491776,50167.02068807647,3946024.2117419583,161534.81357071805,9737026.574230313
2017-07-05 09:24:00,63027.02057714076,2681618.147504199,383,0.033942558746736295,5963016.637075718,0,34240.737788510116,1383027.9428552072,49668.78050382788,2179607.6132491776,50167.02068807647,3946024.2117419583
2017-07-05 09:25:00,100006.51528106355,1188304.41965682,484,0.05991735537190083,12072354.150826447,0,63027.02057714076,2681618.147504199,34240.737788510116,1383027.9428552072,49668.78050382788,2179607.6132491776
2017-07-05 09:26:00,110974.33405539373,3642651.562113089,547,0.12431444241316271,7903399.824497257,0,100006.51528106355,1188304.41965682,63027.02057714076,2681618.147504199,34240.737788510116,1383027.9428552072
2017-07-05 09:27:00,62060.490993064996,5027804.33598434,342,0.05263157894736842,14456789.274853801,0,110974.33405539373,3642651.562113089,100006.51528106355,1188304.41965682,63027.02057714076,2681618.147504199
2017-07-05 09:28:00,45895.54541078686,3027984.3188305628,424,0.04481132075471698,12793583.466981132,0,62060.490993064996,5027804.33598434,110974.33405539373,3642651.562113089,100006.51528106355,1188304.41965682
2017-07-05 09:29:00,68618.38572403204,2280276.4080254766,779,0.059050064184852376,13826747.976893453,0,45895.54541078686,3027984.3188305628,62060.490993064996,5027804.33598434,110974.33405539373,3642651.562113089
2017-07-05 09:30:00,28315.08698470096,738671.8306305887,2684,0.012295081967213115,11863184.48733234,0,68618.38572403204,2280276.4080254766,45895.54541078686,3027984.3188305628,62060.490993064996,5027804.33598434
2017-07-05 09:31:00,105829.18009989828,3645534.4168309676,355,0.061971830985915494,4859411.49859155,0,28315.08698470096,738671.8306305887,68618.38572403204,2280276.4080254766,45895.54541078686,3027984.3188305628
2017-07-05 09:32:00,119533.19034719792,6476208.076342171,352,0.125,9436017.994318182,0,105829.18009989828,3645534.4168309676,28315.08698470096,738671.8306305887,68618.38572403204,2280276.4080254766
2017-07-05 09:33:00,55521.1762532033,2907495.157477181,524,0.07442748091603053,9975756.20610687,0,119533.19034719792,6476208.076342171,105829.18009989828,3645534.4168309676,28315.08698470096,738671.8306305887
2017-07-05 09:34:00,23876.61667301756,1099297.594162197,734,0.014986376021798364,13028447.291553134,0,55521.1762532033,2907495.157477181,119533.19034719792,6476208.076342171,105829.18009989828,3645534.4168309676
2017-07-05 09:35:00,30334.790876689272,1102193.5307315928,2010,0.013432835820895522,9081853.83681592,0,23876.61667301756,1099297.594162197,55521.1762532033,2907495.157477181,119533.19034719792,6476208.076342171
2017-07-05 09:36:00,122442.61693040222,4086826.87046444,256,0.12890625,5040118.4609375,0,30334.790876689272,1102193.5307315928,23876.61667301756,1099297.594162197,55521.1762532033,2907495.157477181
2017-07-05 09:37:00,58321.249500089325,1604901.761894087,387,0.07235142118863049,18295456.788113695,0,122442.61693040222,4086826.87046444,30334.790876689272,1102193.5307315928,23876.61667301756,1099297.594162197
2017-07-05 09:38:00,46720.49748401363,1323572.24570906,626,0.06389776357827476,11501242.23801917,0,58321.249500089325,1604901.761894087,122442.61693040222,4086826.87046444,30334.790876689272,1102193.5307315928
2017-07-05 09:39:00,50037.65258237581,576643.3863597409,821,0.0341047503045067,6576557.84409257,0,46720.49748401363,1323572.24570906,58321.249500089325,1604901.761894087,122442.61693040222,4086826.87046444
2017-07-05 09:40:00,61516.93510883636,1028917.8507749087,1856,0.03987068965517242,10279044.260775862,0,50037.65258237581,576643.3863597409,46720.49748401363,1323572.24570906,58321.249500089325,1604901.761894087
2017-07-05 09:41:00,49122.79472363132,2590013.2946446273,624,0.03205128205128205,10409016.065705128,0,61516.93510883636,1028917.8507749087,50037.65258237581,576643.3863597409,46720.49748401363,1323572.24570906
2017-07-05 09:42:00,87256.52498504175,899319.0404864966,299,0.05351170568561873,9103334.879598662,0,49122.79472363132,2590013.2946446273,61516.93510883636,1028917.8507749087,50037.65258237581,576643.3863597409
2017-07-05 09:43:00,52811.296420711114,1986680.0961949078,1004,0.07270916334661355,8872335.123505976,0,87256.52498504175,899319.0404864966,49122.79472363132,2590013.2946446273,61516.93510883636,1028917.8507749087
2017-07-05 09:44:00,99384.40951826905,3335159.995284606,462,0.0735930735930736,11501543.435064934,0,52811.296420711114,1986680.0961949078,87256.52498504175,899319.0404864966,49122.79472363132,2590013.2946446273
2017-07-05 09:45:00,38092.519075223085,1136181.4966819596,1132,0.022968197879858657,17677781.62632509,0,99384.40951826905,3335159.995284606,52811.296420711114,1986680.0961949078,87256.52498504175,899319.0404864966
2017-07-05 09:46:00,67885.7253291055,2142827.320308701,893,0.03807390817469205,11448440.198208287,0,38092.519075223085,1136181.4966819596,99384.40951826905,3335159.995284606,52811.296420711114,1986680.0961949078
2017-07-05 09:47:00,46305.274075769295,3188884.681605671,1026,0.03508771929824561,14496707.289473685,0,67885.7253291055,2142827.320308701,38092.519075223085,1136181.4966819596,99384.40951826905,3335159.995284606
2017-07-05 09:48:00,274012.0058521001,57305623.48269926,865,0.2,18743144.811560694,2,46305.274075769295,3188884.681605671,67885.7253291055,2142827.320308701,38092.519075223085,1136181.4966819596
2017-07-05 09:49:00,43007.487308530646,736493.3222431625,1933,0.04552509053285049,21373111.048629075,2,274012.0058521001,57305623.48269926,46305.274075769295,3188884.681605671,67885.7253291055,2142827.320308701
2017-07-05 09:50:00,31676.06560235655,1025707.8045758219,1296,0.04398148148148148,20665132.685185187,2,43007.487308530646,736493.3222431625,274012.0058521001,57305623.48269926,46305.274075769295,3188884.681605671
2017-07-05 09:51:00,29378.803539257475,408351.8395121218,984,0.09857723577235772,25082258.721544717,2,31676.06560235655,1025707.8045758219,43007.487308530646,736493.3222431625,274012.0058521001,57305623.48269926
2017-07-05 09:52:00,84994.32835332722,1076560.1100651065,863,0.287369640787949,25761053.32792584,2,29378.803539257475,408351.8395121218,31676.06560235655,1025707.8045758219,43007.487308530646,736493.3222431625
2017-07-05 09:53:00,58630.22419274231,1133201.0012128833,2122,0.05702167766258247,15597628.442978323,2,84994.32835332722,1076560.1100651065,29378.803539257475,408351.8395121218,31676.06560235655,1025707.8045758219
2017-07-05 09:54:00,44366.796841177464,1157318.2206113052,1487,0.09145931405514458,20644981.38802959,2,58630.22419274231,1133201.0012128833,84994.32835332722,1076560.1100651065,29378.803539257475,408351.8395121218
2017-07-05 09:55:00,92940.95562018213,785176.8825314522,680,0.3764705882352941,37771387.06764706,2,44366.796841177464,1157318.2206113052,58630.22419274231,1133201.0012128833,84994.32835332722,1076560.1100651065
2017-07-05 09:56:00,68434.15572417632,989638.2105347383,968,0.11880165289256199,18029924.83161157,2,92940.95562018213,785176.8825314522,44366.796841177464,1157318.2206113052,58630.22419274231,1133201.0012128833
2017-07-05 09:57:00,38187.106465394376,911044.9920989482,2047,0.06448461162677088,20443083.74890083,2,68434.15572417632,989638.2105347383,92940.95562018213,785176.8825314522,44366.796841177464,1157318.2206113052
2017-07-05 09:58:00,35124.437854834716,1749877.2855515731,573,0.16055846422338568,30238387.27399651,2,38187.106465394376,911044.9920989482,68434.15572417632,989638.2105347383,92940.95562018213,785176.8825314522
2017-07-05 09:59:00,64076.72742679513,2236758.4089403474,1061,0.20169651272384542,29423281.01696513,2,35124.437854834716,1749877.2855515731,38187.106465394376,911044.9920989482,68434.15572417632,989638.2105347383
2017-07-05 10:00:00,51070.53079032734,547428.3890817065,1622,0.08816276202219482,20775304.922318127,2,64076.72742679513,2236758.4089403474,35124.437854834716,1749877.2855515731,38187.106465394376,911044.9920989482
2017-07-05 10:01:00,31341.27139617385,793618.2988703932,2388,0.03559463986599665,18113365.566164155,2,51070.53079032734,547428.3890817065,64076.72742679513,2236758.4089403474,35124.437854834716,1749877.2855515731
2017-07-05 10:02:00,47454.42680295759,970760.7125565464,1515,0.18151815181518152,25790452.14719472,2,31341.27139617385,793618.2988703932,51070.53079032734,547428.3890817065,64076.72742679513,2236758.4089403474
2017-07-05 10:03:00,54447.250757183174,1256235.4260059102,1934,0.05894519131334023,14436663.398138573,2,47454.42680295759,970760.7125565464,31341.27139617385,793618.2988703932,51070.53079032734,547428.3890817065
2017-07-05 10:04:00,48822.40227456013,788890.1929060307,955,0.15916230366492146,21672714.9486911,2,54447.250757183174,1256235.4260059102,47454.42680295759,970760.7125565464,31341.27139617385,793618.2988703932
2017-07-05 10:05:00,69000.01398494643,827439.4310520892,1546,0.12807244501940493,24703772.2309185,2,48822.40227456013,788890.1929060307,54447.250757183174,1256235.4260059102,47454.42680295759,970760.7125565464
2017-07-05 10:06:00,119391.27631449919,4190587.1547882557,666,0.2777777777777778,26441430.5015015,2,69000.01398494643,827439.4310520892,48822.40227456013,788890.1929060307,54447.250757183174,1256235.4260059102
2017-07-05 10:07:00,34398.826575831874,618142.333014321,2348,0.05877342419080068,11910894.097529812,2,119391.27631449919,4190587.1547882557,69000.01398494643,827439.4310520892,48822.40227456013,788890.1929060307
2017-07-05 10:08:00,50595.14263132044,1154400.6279624428,828,0.22342995169082125,26327406.41062802,2,34398.826575831874,618142.333014321,119391.27631449919,4190587.1547882557,69000.01398494643,827439.4310520892
2017-07-05 10:09:00,58985.12610824093,899749.9894026151,628,0.24203821656050956,18233908.651273884,2,50595.14263132044,1154400.6279624428,34398.826575831874,618142.333014321,119391.27631449919,4190587.1547882557
2017-07-05 10:10:00,358327.57845991355,74690217.40120074,924,0.3528138528138528,5976945.481601732,2,58985.12610824093,899749.9894026151,50595.14263132044,1154400.6279624428,34398.826575831874,618142.333014321
2017-07-05 10:11:00,79613.81919993857,1834109.2558129206,555,0.08288288288288288,9015685.33873874,2,358327.57845991355,74690217.40120074,58985.12610824093,899749.9894026151,50595.14263132044,1154400.6279624428
2017-07-05 10:12:00,124039.29629573392,4613188.462754178,337,0.12759643916913946,9325178.913946588,0,79613.81919993857,1834109.2558129206,358327.57845991355,74690217.40120074,58985.12610824093,899749.9894026151
2017-07-05 10:13:00,63756.773329915544,1913208.3045296439,1921,0.04737116085372202,7068315.485163977,0,124039.29629573392,4613188.462754178,79613.81919993857,1834109.2558129206,358327.57845991355,74690217.40120074
2017-07-05 10:14:00,70228.46408740511,1270429.273655065,1332,0.060810810810810814,13078052.576576577,0,63756.773329915544,1913208.3045296439,124039.29629573392,4613188.462754178,79613.81919993857,1834109.2558129206
2017-07-05 10:15:00,30821.106781339542,555927.899899027,3522,0.025269733106189664,34691579.254684836,2,70228.46408740511,1270429.273655065,63756.773329915544,1913208.3045296439,124039.29629573392,4613188.462754178
2017-07-05 10:16:00,41478.89934381876,1144893.1188259672,1912,0.036610878661087864,9448267.507322175,2,30821.106781339542,555927.899899027,70228.46408740511,1270429.273655065,63756.773329915544,1913208.3045296439
2017-07-05 10:17:00,32008.44978124265,850390.3480724515,2513,0.052924791086350974,11275238.488261042,2,41478.89934381876,1144893.1188259672,30821.106781339542,555927.899899027,70228.46408740511,1270429.273655065
2017-07-05 10:18:00,73520.89077232762,1086690.9549957071,922,0.13123644251626898,6775535.789587853,2,32008.44978124265,850390.3480724515,41478.89934381876,1144893.1188259672,30821.106781339542,555927.899899027
2017-07-05 10:19:00,123118.15913425505,47857212.50383316,1346,0.37444279346210996,8058903.610698366,2,73520.89077232762,1086690.9549957071,32008.44978124265,850390.3480724515,41478.89934381876,1144893.1188259672
2017-07-05 10:20:00,47984.37321454099,962575.2990060061,1281,0.05230288836846214,17557429.476190478,0,123118.15913425505,47857212.50383316,73520.89077232762,1086690.9549957071,32008.44978124265,850390.3480724515
2017-07-05 10:21:00,61352.01566771668,1143655.6416181936,751,0.03861517976031957,7547460.251664448,0,47984.37321454099,962575.2990060061,123118.15913425505,47857212.50383316,73520.89077232762,1086690.9549957071
2017-07-05 10:22:00,29134.91259425892,472086.36927352066,1482,0.0398110661268556,55859012.520242915,2,61352.01566771668,1143655.6416181936,47984.37321454099,962575.2990060061,123118.15913425505,47857212.50383316
2017-07-05 10:23:00,46650.975032595794,618953.078757348,1420,0.06619718309859154,12295663.72887324,2,29134.91259425892,472086.36927352066,61352.01566771668,1143655.6416181936,47984.37321454099,962575.2990060061
2017-07-05 10:24:00,45943.432026483446,1269055.322040088,422,0.1990521327014218,8542527.056872038,2,46650.975032595794,618953.078757348,29134.91259425892,472086.36927352066,61352.01566771668,1143655.6416181936
2017-07-05 10:25:00,25292.797012891482,659972.4270253539,2442,0.04176904176904177,18396153.97051597,2,45943.432026483446,1269055.322040088,46650.975032595794,618953.078757348,29134.91259425892,472086.36927352066
2017-07-05 10:26:00,32935.960349997644,2866118.949333746,1950,0.04461538461538461,34768940.17846154,2,25292.797012891482,659972.4270253539,45943.432026483446,1269055.322040088,46650.975032595794,618953.078757348
2017-07-05 10:27:00,64008.85815853306,1031044.0219604231,777,0.09523809523809523,11692521.94980695,2,32935.960349997644,2866118.949333746,25292.797012891482,659972.4270253539,45943.432026483446,1269055.322040088
2017-07-05 10:28:00,58135.90367282835,1161006.4480400018,1795,0.07855153203342619,12054427.204456825,2,64008.85815853306,1031044.0219604231,32935.960349997644,2866118.949333746,25292.797012891482,659972.4270253539
2017-07-05 10:29:00,39577.06019245119,975942.5935134626,2031,0.0448055145248646,9897810.218119154,2,58135.90367282835,1161006.4480400018,64008.85815853306,1031044.0219604231,32935.960349997644,2866118.949333746
2017-07-05 10:30:00,67126.46171744127,1391998.546230672,863,0.07531865585168018,10086833.330243338,0,39577.06019245119,975942.5935134626,58135.90367282835,1161006.4480400018,64008.85815853306,1031044.0219604231
2017-07-05 10:31:00,66198.89184932694,990713.5881575485,915,0.06120218579234973,10099995.33442623,0,67126.46171744127,1391998.546230672,39577.06019245119,975942.5935134626,58135.90367282835,1161006.4480400018
2017-07-05 10:32:00,167017.1751266687,82533422.09284353,821,0.21559074299634592,5278159.153471377,2,66198.89184932694,990713.5881575485,67126.46171744127,1391998.546230672,39577.06019245119,975942.5935134626
2017-07-05 10:33:00,25844.49609407141,799097.9391459825,2292,0.0231239092495637,38578969.333333336,2,167017.1751266687,82533422.09284353,66198.89184932694,990713.5881575485,67126.46171744127,1391998.546230672
2017-07-05 10:34:00,64838.729504744544,1104753.03716684,851,0.10693301997649823,9153245.24441833,2,25844.49609407141,799097.9391459825,167017.1751266687,82533422.09284353,66198.89184932694,990713.5881575485
2017-07-05 10:35:00,94096.20927494261,23112817.074883077,810,0.17407407407407408,5496122.0617283955,2,64838.729504744544,1104753.03716684,25844.49609407141,799097.9391459825,167017.1751266687,82533422.09284353
2017-07-05 10:36:00,39279.96772375937,598112.3398662405,1350,0.03777777777777778,13806518.194814814,2,94096.20927494261,23112817.074883077,64838.729504744544,1104753.03716684,25844.49609407141,799097.9391459825
2017-07-05 10:37:00,106079.75526673405,38417133.11972234,1410,0.11631205673758865,9716701.925531914,2,39279.96772375937,598112.3398662405,94096.20927494261,23112817.074883077,64838.729504744544,1104753.03716684
2017-07-05 10:38:00,51660.52039010301,1245634.218255862,2069,0.04494925084581924,13647852.531657806,0,106079.75526673405,38417133.11972234,39279.96772375937,598112.3398662405,94096.20927494261,23112817.074883077
2017-07-05 10:39:00,75904.87899981198,2787075.901387283,629,0.07631160572337042,9071211.524642289,0,51660.52039010301,1245634.218255862,106079.75526673405,38417133.11972234,39279.96772375937,598112.3398662405
2017-07-05 10:40:00,77685.76556143911,3490517.6940309578,839,0.09415971394517282,10225153.808104888,0,75904.87899981198,2787075.901387283,51660.52039010301,1245634.218255862,106079.75526673405,38417133.11972234
2017-07-05 10:41:00,46105.8765131082,923108.5626319135,1663,0.04028863499699339,12928815.624173181,0,77685.76556143911,3490517.6940309578,75904.87899981198,2787075.901387283,51660.52039010301,1245634.218255862
2017-07-05 10:42:00,51753.68165198041,1738596.6828259937,1439,0.045170257123002086,9544202.271021543,0,46105.8765131082,923108.5626319135,77685.76556143911,3490517.6940309578,75904.87899981198,2787075.901387283
2017-07-05 10:43:00,107634.81220042151,128054.51330374279,18353,0.0013076881163842423,38272153.4096333,2,51753.68165198041,1738596.6828259937,46105.8765131082,923108.5626319135,77685.76556143911,3490517.6940309578
2017-07-05 10:44:00,110941.97840239274,279275.6151189789,17607,0.0029533708184244904,40620697.34974726,2,107634.81220042151,128054.51330374279,51753.68165198041,1738596.6828259937,46105.8765131082,923108.5626319135
2017-07-05 10:45:00,167616.70993207648,63120.60366052425,15486,0.004584786258556115,61789425.57606871,2,110941.97840239274,279275.6151189789,107634.81220042151,128054.51330374279,51753.68165198041,1738596.6828259937
2017-07-05 10:46:00,169428.21603952727,88667.71667424038,12351,0.002671848433325237,59859806.113675006,2,167616.70993207648,63120.60366052425,110941.97840239274,279275.6151189789,107634.81220042151,128054.51330374279
2017-07-05 10:47:00,177922.7424269985,127569.40432432291,14109,0.005032248919129634,64749009.78247927,2,169428.21603952727,88667.71667424038,167616.70993207648,63120.60366052425,110941.97840239274,279275.6151189789
2017-07-05 10:48:00,201244.920232591,88540.04676102276,14389,0.004030856904579888,65166565.15157412,2,177922.7424269985,127569.40432432291,169428.21603952727,88667.71667424038,167616.70993207648,63120.60366052425
2017-07-05 10:49:00,164364.78428851577,120181.96598526945,12042,0.0037369207772795215,60017045.352848366,2,201244.920232591,88540.04676102276,177922.7424269985,127569.40432432291,169428.21603952727,88667.71667424038
2017-07-05 10:50:00,178176.4284357707,36951.156703851266,14895,0.0014098690835850957,63790426.41510574,2,164364.78428851577,120181.96598526945,201244.920232591,88540.04676102276,177922.7424269985,127569.40432432291
2017-07-05 10:51:00,186849.4226661745,211625.1718723672,11211,0.0031219338150031218,63893216.87583623,2,178176.4284357707,36951.156703851266,164364.78428851577,120181.96598526945,201244.920232591,88540.04676102276
2017-07-05 10:52:00,188474.77368885963,115602.96019344927,14490,0.0035886818495514147,64892508.09447895,2,186849.4226661745,211625.1718723672,178176.4284357707,36951.156703851266,164364.78428851577,120181.96598526945
2017-07-05 10:53:00,175156.1289444344,163706.06859022405,15441,0.0057638753966712,62436410.422446735,2,188474.77368885963,115602.96019344927,186849.4226661745,211625.1718723672,178176.4284357707,36951.156703851266
2017-07-05 10:54:00,195072.70319353128,166779.7802397716,11382,0.006852925672113864,62693227.74354243,2,175156.1289444344,163706.06859022405,188474.77368885963,115602.96019344927,186849.4226661745,211625.1718723672
2017-07-05 10:55:00,183909.62622756662,42318.22568406136,14652,0.010715260715260716,64887906.9960415,2,195072.70319353128,166779.7802397716,175156.1289444344,163706.06859022405,188474.77368885963,115602.96019344927
2017-07-05 10:56:00,167768.46902589768,102443.4197529353,12216,0.008185985592665358,59468777.97339555,2,183909.62622756662,42318.22568406136,195072.70319353128,166779.7802397716,175156.1289444344,163706.06859022405
2017-07-05 11:02:00,63407.61428123752,2149945.255058628,474,0.08227848101265822,9982457.443037976,0,58664.08579655516,1384618.0325093288,187710.5870678159,176132.56639572515,247905.83058738933,112029.8977151296
2017-07-05 11:03:00,44984.4927241022,789635.9318766911,596,0.08053691275167785,14678719.560402684,0,63407.61428123752,2149945.255058628,58664.08579655516,1384618.0325093288,187710.5870678159,176132.56639572515
2017-07-05 11:04:00,60357.448698899534,1464677.5648583903,1092,0.06776556776556776,8351466.228937729,0,44984.4927241022,789635.9318766911,63407.61428123752,2149945.255058628,58664.08579655516,1384618.0325093288
2017-07-05 11:05:00,75508.4184130274,3338629.898850246,244,0.05327868852459016,2016394.4590163934,0,60357.448698899534,1464677.5648583903,44984.4927241022,789635.9318766911,63407.61428123752,2149945.255058628
2017-07-05 11:08:00,33438.62981352838,1457370.9821259861,1579,0.022799240025332488,14556826.713109562,0,53056.43103376837,1251710.350461438,32911.79031246295,789125.3591437426,75508.4184130274,3338629.898850246
2017-07-05 11:09:00,66152.4270216272,1414607.2207561873,1537,0.07677293428757319,6714945.286922577,0,33438.62981352838,1457370.9821259861,53056.43103376837,1251710.350461438,32911.79031246295,789125.3591437426
2017-07-05 11:15:00,89936.36062591973,1868894.9104391725,632,0.07753164556962025,11560961.189873418,0,47295.16823822408,1086860.8911439632,25333.48102961764,776067.3392471491,15004.747499329422,258241.6245903414
2017-07-07 03:56:00,13249.926962340263,597220.8977276171,3671,0.013347861618087714,16514823.85153909,1,22016.637966277554,2720938.2641005153,108068.0504620584,1113374.7428742733,54162.96074055872,2833791.1946778176
2017-07-07 03:57:00,2659.6509835438674,196233.1328619217,10769,0.021450459652706845,13811824.303649364,1,13249.926962340263,597220.8977276171,22016.637966277554,2720938.2641005153,108068.0504620584,1113374.7428742733
2017-07-07 03:58:00,5085.321479693498,153728.4113408322,9731,0.032062480731682254,16586447.871030727,1,2659.6509835438674,196233.1328619217,13249.926962340263,597220.8977276171,22016.637966277554,2720938.2641005153
2017-07-07 03:59:00,6340.104169518436,315119.312715679,9460,0.023044397463002114,16813023.381501056,1,5085.321479693498,153728.4113408322,2659.6509835438674,196233.1328619217,13249.926962340263,597220.8977276171
2017-07-07 04:00:00,8369.295857766614,266581.09961136675,9164,0.037101702313400264,17996772.80554343,1,6340.104169518436,315119.312715679,5085.321479693498,153728.4113408322,2659.6509835438674,196233.1328619217
2017-07-07 04:01:00,3855.54504696162,231845.35140758695,9281,0.03124663290593686,17332102.375067342,1,8369.295857766614,266581.09961136675,6340.104169518436,315119.312715679,5085.321479693498,153728.4113408322
2017-07-07 04:02:00,4859.8010496067245,218960.67020991092,8374,0.03355624552185336,18953439.04275137,1,3855.54504696162,231845.35140758695,8369.295857766614,266581.09961136675,6340.104169518436,315119.312715679
2017-07-07 04:03:00,3996.4804142370826,266916.9281069719,8788,0.029358215748748293,18386414.932749204,1,4859.8010496067245,218960.67020991092,3855.54504696162,231845.35140758695,8369.295857766614,266581.09961136675
2017-07-07 04:04:00,3039.2321052790835,365816.681424824,8094,0.027921917469730665,19861147.71682728,1,3996.4804142370826,266916.9281069719,4859.8010496067245,218960.67020991092,3855.54504696162,231845.35140758695
2017-07-07 04:05:00,3424.558290906214,214941.93036578287,8556,0.03728377746610566,19026108.67449743,1,3039.2321052790835,365816.681424824,3996.4804142370826,266916.9281069719,4859.8010496067245,218960.67020991092
2017-07-07 04:06:00,888.7597365261967,43196.34041787479,8210,0.031668696711327646,20872778.140803896,1,3424.558290906214,214941.93036578287,3039.2321052790835,365816.681424824,3996.4804142370826,266916.9281069719
2017-07-07 04:07:00,4767.141461001354,206367.63486575263,8799,0.0268212296851915,19813221.511535402,1,888.7597365261967,43196.34041787479,3424.558290906214,214941.93036578287,3039.2321052790835,365816.681424824
2017-07-07 04:08:00,6466.731934756349,246454.5608176628,8930,0.02541993281075028,20845229.814781636,1,4767.141461001354,206367.63486575263,888.7597365261967,43196.34041787479,3424.558290906214,214941.93036578287
2017-07-07 04:09:00,3050.153621363728,139436.96452854268,9173,0.019513790472037502,19671963.092227187,1,6466.731934756349,246454.5608176628,4767.141461001354,206367.63486575263,888.7597365261967,43196.34041787479
2017-07-07 04:10:00,2927.3086368974064,258572.20119194873,8538,0.02588428203326306,21410088.975755446,1,3050.153621363728,139436.96452854268,6466.731934756349,246454.5608176628,4767.141461001354,206367.63486575263
2017-07-07 04:11:00,4035.1887268097717,250828.9405352835,9438,0.032316168679805045,20644433.184573002,1,2927.3086368974064,258572.20119194873,3050.153621363728,139436.96452854268,6466.731934756349,246454.5608176628
